<?xml version="1.0" encoding="UTF-8"?>
<kml xmlns="http://www.opengis.net/kml/2.2">
  <Document>
    <name>Kalibrated Map 2.0</name>
    <description>Kalibrated Maps is developed by (https://x.com/squatsons) ). It was created with the aim of providing a publicly available but accurate control map of Ukraine. The map is updated based on confirmed information  but it is still under development and may have some mistakes. </description>
    <Style id="line-0288D1-2508-nodesc-normal">
      <LineStyle>
        <color>ffd18802</color>
        <width>2.508</width>
      </LineStyle>
      <BalloonStyle>
        <text><![CDATA[<h3>$[name]</h3>]]></text>
      </BalloonStyle>
    </Style>
    <Style id="line-0288D1-2508-nodesc-highlight">
      <LineStyle>
        <color>ffd18802</color>
        <width>3.762</width>
      </LineStyle>
      <BalloonStyle>
        <text><![CDATA[<h3>$[name]</h3>]]></text>
      </BalloonStyle>
    </Style>
    <StyleMap id="line-0288D1-2508-nodesc">
      <Pair>
        <key>normal</key>
        <styleUrl>#line-0288D1-2508-nodesc-normal</styleUrl>
      </Pair>
      <Pair>
        <key>highlight</key>
        <styleUrl>#line-0288D1-2508-nodesc-highlight</styleUrl>
      </Pair>
    </StyleMap>
    <Style id="line-0288D1-2701-nodesc-normal">
      <LineStyle>
        <color>ffd18802</color>
        <width>2.701</width>
      </LineStyle>
      <BalloonStyle>
        <text><![CDATA[<h3>$[name]</h3>]]></text>
      </BalloonStyle>
    </Style>
    <Style id="line-0288D1-2701-nodesc-highlight">
      <LineStyle>
        <color>ffd18802</color>
        <width>4.0515</width>
      </LineStyle>
      <BalloonStyle>
        <text><![CDATA[<h3>$[name]</h3>]]></text>
      </BalloonStyle>
    </Style>
    <StyleMap id="line-0288D1-2701-nodesc">
      <Pair>
        <key>normal</key>
        <styleUrl>#line-0288D1-2701-nodesc-normal</styleUrl>
      </Pair>
      <Pair>
        <key>highlight</key>
        <styleUrl>#line-0288D1-2701-nodesc-highlight</styleUrl>
      </Pair>
    </StyleMap>
    <Style id="line-0288D1-2893-nodesc-normal">
      <LineStyle>
        <color>ffd18802</color>
        <width>2.893</width>
      </LineStyle>
      <BalloonStyle>
        <text><![CDATA[<h3>$[name]</h3>]]></text>
      </BalloonStyle>
    </Style>
    <Style id="line-0288D1-2893-nodesc-highlight">
      <LineStyle>
        <color>ffd18802</color>
        <width>4.3395</width>
      </LineStyle>
      <BalloonStyle>
        <text><![CDATA[<h3>$[name]</h3>]]></text>
      </BalloonStyle>
    </Style>
    <StyleMap id="line-0288D1-2893-nodesc">
      <Pair>
        <key>normal</key>
        <styleUrl>#line-0288D1-2893-nodesc-normal</styleUrl>
      </Pair>
      <Pair>
        <key>highlight</key>
        <styleUrl>#line-0288D1-2893-nodesc-highlight</styleUrl>
      </Pair>
    </StyleMap>
    <Style id="line-0288D1-3086-nodesc-normal">
      <LineStyle>
        <color>ffd18802</color>
        <width>3.086</width>
      </LineStyle>
      <BalloonStyle>
        <text><![CDATA[<h3>$[name]</h3>]]></text>
      </BalloonStyle>
    </Style>
    <Style id="line-0288D1-3086-nodesc-highlight">
      <LineStyle>
        <color>ffd18802</color>
        <width>4.629</width>
      </LineStyle>
      <BalloonStyle>
        <text><![CDATA[<h3>$[name]</h3>]]></text>
      </BalloonStyle>
    </Style>
    <StyleMap id="line-0288D1-3086-nodesc">
      <Pair>
        <key>normal</key>
        <styleUrl>#line-0288D1-3086-nodesc-normal</styleUrl>
      </Pair>
      <Pair>
        <key>highlight</key>
        <styleUrl>#line-0288D1-3086-nodesc-highlight</styleUrl>
      </Pair>
    </StyleMap>
    <Style id="line-0288D1-3118-nodesc-normal">
      <LineStyle>
        <color>ffd18802</color>
        <width>3.118</width>
      </LineStyle>
      <BalloonStyle>
        <text><![CDATA[<h3>$[name]</h3>]]></text>
      </BalloonStyle>
    </Style>
    <Style id="line-0288D1-3118-nodesc-highlight">
      <LineStyle>
        <color>ffd18802</color>
        <width>4.677</width>
      </LineStyle>
      <BalloonStyle>
        <text><![CDATA[<h3>$[name]</h3>]]></text>
      </BalloonStyle>
    </Style>
    <StyleMap id="line-0288D1-3118-nodesc">
      <Pair>
        <key>normal</key>
        <styleUrl>#line-0288D1-3118-nodesc-normal</styleUrl>
      </Pair>
      <Pair>
        <key>highlight</key>
        <styleUrl>#line-0288D1-3118-nodesc-highlight</styleUrl>
      </Pair>
    </StyleMap>
    <Style id="line-0288D1-3278-nodesc-normal">
      <LineStyle>
        <color>ffd18802</color>
        <width>3.278</width>
      </LineStyle>
      <BalloonStyle>
        <text><![CDATA[<h3>$[name]</h3>]]></text>
      </BalloonStyle>
    </Style>
    <Style id="line-0288D1-3278-nodesc-highlight">
      <LineStyle>
        <color>ffd18802</color>
        <width>4.917</width>
      </LineStyle>
      <BalloonStyle>
        <text><![CDATA[<h3>$[name]</h3>]]></text>
      </BalloonStyle>
    </Style>
    <StyleMap id="line-0288D1-3278-nodesc">
      <Pair>
        <key>normal</key>
        <styleUrl>#line-0288D1-3278-nodesc-normal</styleUrl>
      </Pair>
      <Pair>
        <key>highlight</key>
        <styleUrl>#line-0288D1-3278-nodesc-highlight</styleUrl>
      </Pair>
    </StyleMap>
    <Style id="line-0288D1-3471-nodesc-normal">
      <LineStyle>
        <color>ffd18802</color>
        <width>3.471</width>
      </LineStyle>
      <BalloonStyle>
        <text><![CDATA[<h3>$[name]</h3>]]></text>
      </BalloonStyle>
    </Style>
    <Style id="line-0288D1-3471-nodesc-highlight">
      <LineStyle>
        <color>ffd18802</color>
        <width>5.2065</width>
      </LineStyle>
      <BalloonStyle>
        <text><![CDATA[<h3>$[name]</h3>]]></text>
      </BalloonStyle>
    </Style>
    <StyleMap id="line-0288D1-3471-nodesc">
      <Pair>
        <key>normal</key>
        <styleUrl>#line-0288D1-3471-nodesc-normal</styleUrl>
      </Pair>
      <Pair>
        <key>highlight</key>
        <styleUrl>#line-0288D1-3471-nodesc-highlight</styleUrl>
      </Pair>
    </StyleMap>
    <Style id="line-0288D1-3664-nodesc-normal">
      <LineStyle>
        <color>ffd18802</color>
        <width>3.664</width>
      </LineStyle>
      <BalloonStyle>
        <text><![CDATA[<h3>$[name]</h3>]]></text>
      </BalloonStyle>
    </Style>
    <Style id="line-0288D1-3664-nodesc-highlight">
      <LineStyle>
        <color>ffd18802</color>
        <width>5.496</width>
      </LineStyle>
      <BalloonStyle>
        <text><![CDATA[<h3>$[name]</h3>]]></text>
      </BalloonStyle>
    </Style>
    <StyleMap id="line-0288D1-3664-nodesc">
      <Pair>
        <key>normal</key>
        <styleUrl>#line-0288D1-3664-nodesc-normal</styleUrl>
      </Pair>
      <Pair>
        <key>highlight</key>
        <styleUrl>#line-0288D1-3664-nodesc-highlight</styleUrl>
      </Pair>
    </StyleMap>
    <Style id="line-0288D1-3856-nodesc-normal">
      <LineStyle>
        <color>ffd18802</color>
        <width>3.856</width>
      </LineStyle>
      <BalloonStyle>
        <text><![CDATA[<h3>$[name]</h3>]]></text>
      </BalloonStyle>
    </Style>
    <Style id="line-0288D1-3856-nodesc-highlight">
      <LineStyle>
        <color>ffd18802</color>
        <width>5.784</width>
      </LineStyle>
      <BalloonStyle>
        <text><![CDATA[<h3>$[name]</h3>]]></text>
      </BalloonStyle>
    </Style>
    <StyleMap id="line-0288D1-3856-nodesc">
      <Pair>
        <key>normal</key>
        <styleUrl>#line-0288D1-3856-nodesc-normal</styleUrl>
      </Pair>
      <Pair>
        <key>highlight</key>
        <styleUrl>#line-0288D1-3856-nodesc-highlight</styleUrl>
      </Pair>
    </StyleMap>
    <Style id="line-0288D1-4049-nodesc-normal">
      <LineStyle>
        <color>ffd18802</color>
        <width>4.049</width>
      </LineStyle>
      <BalloonStyle>
        <text><![CDATA[<h3>$[name]</h3>]]></text>
      </BalloonStyle>
    </Style>
    <Style id="line-0288D1-4049-nodesc-highlight">
      <LineStyle>
        <color>ffd18802</color>
        <width>6.0735</width>
      </LineStyle>
      <BalloonStyle>
        <text><![CDATA[<h3>$[name]</h3>]]></text>
      </BalloonStyle>
    </Style>
    <StyleMap id="line-0288D1-4049-nodesc">
      <Pair>
        <key>normal</key>
        <styleUrl>#line-0288D1-4049-nodesc-normal</styleUrl>
      </Pair>
      <Pair>
        <key>highlight</key>
        <styleUrl>#line-0288D1-4049-nodesc-highlight</styleUrl>
      </Pair>
    </StyleMap>
    <Style id="line-0288D1-4241-nodesc-normal">
      <LineStyle>
        <color>ffd18802</color>
        <width>4.241</width>
      </LineStyle>
      <BalloonStyle>
        <text><![CDATA[<h3>$[name]</h3>]]></text>
      </BalloonStyle>
    </Style>
    <Style id="line-0288D1-4241-nodesc-highlight">
      <LineStyle>
        <color>ffd18802</color>
        <width>6.3615</width>
      </LineStyle>
      <BalloonStyle>
        <text><![CDATA[<h3>$[name]</h3>]]></text>
      </BalloonStyle>
    </Style>
    <StyleMap id="line-0288D1-4241-nodesc">
      <Pair>
        <key>normal</key>
        <styleUrl>#line-0288D1-4241-nodesc-normal</styleUrl>
      </Pair>
      <Pair>
        <key>highlight</key>
        <styleUrl>#line-0288D1-4241-nodesc-highlight</styleUrl>
      </Pair>
    </StyleMap>
    <Style id="line-0288D1-4434-nodesc-normal">
      <LineStyle>
        <color>ffd18802</color>
        <width>4.434</width>
      </LineStyle>
      <BalloonStyle>
        <text><![CDATA[<h3>$[name]</h3>]]></text>
      </BalloonStyle>
    </Style>
    <Style id="line-0288D1-4434-nodesc-highlight">
      <LineStyle>
        <color>ffd18802</color>
        <width>6.651</width>
      </LineStyle>
      <BalloonStyle>
        <text><![CDATA[<h3>$[name]</h3>]]></text>
      </BalloonStyle>
    </Style>
    <StyleMap id="line-0288D1-4434-nodesc">
      <Pair>
        <key>normal</key>
        <styleUrl>#line-0288D1-4434-nodesc-normal</styleUrl>
      </Pair>
      <Pair>
        <key>highlight</key>
        <styleUrl>#line-0288D1-4434-nodesc-highlight</styleUrl>
      </Pair>
    </StyleMap>
    <Style id="line-0288D1-4626-nodesc-normal">
      <LineStyle>
        <color>ffd18802</color>
        <width>4.626</width>
      </LineStyle>
      <BalloonStyle>
        <text><![CDATA[<h3>$[name]</h3>]]></text>
      </BalloonStyle>
    </Style>
    <Style id="line-0288D1-4626-nodesc-highlight">
      <LineStyle>
        <color>ffd18802</color>
        <width>6.939</width>
      </LineStyle>
      <BalloonStyle>
        <text><![CDATA[<h3>$[name]</h3>]]></text>
      </BalloonStyle>
    </Style>
    <StyleMap id="line-0288D1-4626-nodesc">
      <Pair>
        <key>normal</key>
        <styleUrl>#line-0288D1-4626-nodesc-normal</styleUrl>
      </Pair>
      <Pair>
        <key>highlight</key>
        <styleUrl>#line-0288D1-4626-nodesc-highlight</styleUrl>
      </Pair>
    </StyleMap>
    <Style id="line-0288D1-4819-nodesc-normal">
      <LineStyle>
        <color>ffd18802</color>
        <width>4.819</width>
      </LineStyle>
      <BalloonStyle>
        <text><![CDATA[<h3>$[name]</h3>]]></text>
      </BalloonStyle>
    </Style>
    <Style id="line-0288D1-4819-nodesc-highlight">
      <LineStyle>
        <color>ffd18802</color>
        <width>7.2285</width>
      </LineStyle>
      <BalloonStyle>
        <text><![CDATA[<h3>$[name]</h3>]]></text>
      </BalloonStyle>
    </Style>
    <StyleMap id="line-0288D1-4819-nodesc">
      <Pair>
        <key>normal</key>
        <styleUrl>#line-0288D1-4819-nodesc-normal</styleUrl>
      </Pair>
      <Pair>
        <key>highlight</key>
        <styleUrl>#line-0288D1-4819-nodesc-highlight</styleUrl>
      </Pair>
    </StyleMap>
    <Style id="line-0288D1-5011-nodesc-normal">
      <LineStyle>
        <color>ffd18802</color>
        <width>5.011</width>
      </LineStyle>
      <BalloonStyle>
        <text><![CDATA[<h3>$[name]</h3>]]></text>
      </BalloonStyle>
    </Style>
    <Style id="line-0288D1-5011-nodesc-highlight">
      <LineStyle>
        <color>ffd18802</color>
        <width>7.5165</width>
      </LineStyle>
      <BalloonStyle>
        <text><![CDATA[<h3>$[name]</h3>]]></text>
      </BalloonStyle>
    </Style>
    <StyleMap id="line-0288D1-5011-nodesc">
      <Pair>
        <key>normal</key>
        <styleUrl>#line-0288D1-5011-nodesc-normal</styleUrl>
      </Pair>
      <Pair>
        <key>highlight</key>
        <styleUrl>#line-0288D1-5011-nodesc-highlight</styleUrl>
      </Pair>
    </StyleMap>
    <Style id="line-0288D1-5204-nodesc-normal">
      <LineStyle>
        <color>ffd18802</color>
        <width>5.204</width>
      </LineStyle>
      <BalloonStyle>
        <text><![CDATA[<h3>$[name]</h3>]]></text>
      </BalloonStyle>
    </Style>
    <Style id="line-0288D1-5204-nodesc-highlight">
      <LineStyle>
        <color>ffd18802</color>
        <width>7.806</width>
      </LineStyle>
      <BalloonStyle>
        <text><![CDATA[<h3>$[name]</h3>]]></text>
      </BalloonStyle>
    </Style>
    <StyleMap id="line-0288D1-5204-nodesc">
      <Pair>
        <key>normal</key>
        <styleUrl>#line-0288D1-5204-nodesc-normal</styleUrl>
      </Pair>
      <Pair>
        <key>highlight</key>
        <styleUrl>#line-0288D1-5204-nodesc-highlight</styleUrl>
      </Pair>
    </StyleMap>
    <Style id="line-0288D1-5396-nodesc-normal">
      <LineStyle>
        <color>ffd18802</color>
        <width>5.396</width>
      </LineStyle>
      <BalloonStyle>
        <text><![CDATA[<h3>$[name]</h3>]]></text>
      </BalloonStyle>
    </Style>
    <Style id="line-0288D1-5396-nodesc-highlight">
      <LineStyle>
        <color>ffd18802</color>
        <width>8.094</width>
      </LineStyle>
      <BalloonStyle>
        <text><![CDATA[<h3>$[name]</h3>]]></text>
      </BalloonStyle>
    </Style>
    <StyleMap id="line-0288D1-5396-nodesc">
      <Pair>
        <key>normal</key>
        <styleUrl>#line-0288D1-5396-nodesc-normal</styleUrl>
      </Pair>
      <Pair>
        <key>highlight</key>
        <styleUrl>#line-0288D1-5396-nodesc-highlight</styleUrl>
      </Pair>
    </StyleMap>
    <Style id="line-0288D1-5589-nodesc-normal">
      <LineStyle>
        <color>ffd18802</color>
        <width>5.589</width>
      </LineStyle>
      <BalloonStyle>
        <text><![CDATA[<h3>$[name]</h3>]]></text>
      </BalloonStyle>
    </Style>
    <Style id="line-0288D1-5589-nodesc-highlight">
      <LineStyle>
        <color>ffd18802</color>
        <width>8.3835</width>
      </LineStyle>
      <BalloonStyle>
        <text><![CDATA[<h3>$[name]</h3>]]></text>
      </BalloonStyle>
    </Style>
    <StyleMap id="line-0288D1-5589-nodesc">
      <Pair>
        <key>normal</key>
        <styleUrl>#line-0288D1-5589-nodesc-normal</styleUrl>
      </Pair>
      <Pair>
        <key>highlight</key>
        <styleUrl>#line-0288D1-5589-nodesc-highlight</styleUrl>
      </Pair>
    </StyleMap>
    <Style id="line-0288D1-5782-nodesc-normal">
      <LineStyle>
        <color>ffd18802</color>
        <width>5.782</width>
      </LineStyle>
      <BalloonStyle>
        <text><![CDATA[<h3>$[name]</h3>]]></text>
      </BalloonStyle>
    </Style>
    <Style id="line-0288D1-5782-nodesc-highlight">
      <LineStyle>
        <color>ffd18802</color>
        <width>8.673</width>
      </LineStyle>
      <BalloonStyle>
        <text><![CDATA[<h3>$[name]</h3>]]></text>
      </BalloonStyle>
    </Style>
    <StyleMap id="line-0288D1-5782-nodesc">
      <Pair>
        <key>normal</key>
        <styleUrl>#line-0288D1-5782-nodesc-normal</styleUrl>
      </Pair>
      <Pair>
        <key>highlight</key>
        <styleUrl>#line-0288D1-5782-nodesc-highlight</styleUrl>
      </Pair>
    </StyleMap>
    <Style id="poly-0288D1-3976-133-nodesc-normal">
      <LineStyle>
        <color>ffd18802</color>
        <width>3.976</width>
      </LineStyle>
      <PolyStyle>
        <color>85d18802</color>
        <fill>1</fill>
        <outline>1</outline>
      </PolyStyle>
      <BalloonStyle>
        <text><![CDATA[<h3>$[name]</h3>]]></text>
      </BalloonStyle>
    </Style>
    <Style id="poly-0288D1-3976-133-nodesc-highlight">
      <LineStyle>
        <color>ffd18802</color>
        <width>5.964</width>
      </LineStyle>
      <PolyStyle>
        <color>85d18802</color>
        <fill>1</fill>
        <outline>1</outline>
      </PolyStyle>
      <BalloonStyle>
        <text><![CDATA[<h3>$[name]</h3>]]></text>
      </BalloonStyle>
    </Style>
    <StyleMap id="poly-0288D1-3976-133-nodesc">
      <Pair>
        <key>normal</key>
        <styleUrl>#poly-0288D1-3976-133-nodesc-normal</styleUrl>
      </Pair>
      <Pair>
        <key>highlight</key>
        <styleUrl>#poly-0288D1-3976-133-nodesc-highlight</styleUrl>
      </Pair>
    </StyleMap>
    <Style id="poly-3949AB-1200-74-nodesc-normal">
      <LineStyle>
        <color>ffab4939</color>
        <width>1.2</width>
      </LineStyle>
      <PolyStyle>
        <color>4aab4939</color>
        <fill>1</fill>
        <outline>1</outline>
      </PolyStyle>
      <BalloonStyle>
        <text><![CDATA[<h3>$[name]</h3>]]></text>
      </BalloonStyle>
    </Style>
    <Style id="poly-3949AB-1200-74-nodesc-highlight">
      <LineStyle>
        <color>ffab4939</color>
        <width>1.8</width>
      </LineStyle>
      <PolyStyle>
        <color>4aab4939</color>
        <fill>1</fill>
        <outline>1</outline>
      </PolyStyle>
      <BalloonStyle>
        <text><![CDATA[<h3>$[name]</h3>]]></text>
      </BalloonStyle>
    </Style>
    <StyleMap id="poly-3949AB-1200-74-nodesc">
      <Pair>
        <key>normal</key>
        <styleUrl>#poly-3949AB-1200-74-nodesc-normal</styleUrl>
      </Pair>
      <Pair>
        <key>highlight</key>
        <styleUrl>#poly-3949AB-1200-74-nodesc-highlight</styleUrl>
      </Pair>
    </StyleMap>
    <Style id="poly-3949AB-1200-84-nodesc-normal">
      <LineStyle>
        <color>ffab4939</color>
        <width>1.2</width>
      </LineStyle>
      <PolyStyle>
        <color>54ab4939</color>
        <fill>1</fill>
        <outline>1</outline>
      </PolyStyle>
      <BalloonStyle>
        <text><![CDATA[<h3>$[name]</h3>]]></text>
      </BalloonStyle>
    </Style>
    <Style id="poly-3949AB-1200-84-nodesc-highlight">
      <LineStyle>
        <color>ffab4939</color>
        <width>1.8</width>
      </LineStyle>
      <PolyStyle>
        <color>54ab4939</color>
        <fill>1</fill>
        <outline>1</outline>
      </PolyStyle>
      <BalloonStyle>
        <text><![CDATA[<h3>$[name]</h3>]]></text>
      </BalloonStyle>
    </Style>
    <StyleMap id="poly-3949AB-1200-84-nodesc">
      <Pair>
        <key>normal</key>
        <styleUrl>#poly-3949AB-1200-84-nodesc-normal</styleUrl>
      </Pair>
      <Pair>
        <key>highlight</key>
        <styleUrl>#poly-3949AB-1200-84-nodesc-highlight</styleUrl>
      </Pair>
    </StyleMap>
    <Style id="poly-3949AB-2171-87-nodesc-normal">
      <LineStyle>
        <color>ffab4939</color>
        <width>2.171</width>
      </LineStyle>
      <PolyStyle>
        <color>57ab4939</color>
        <fill>1</fill>
        <outline>1</outline>
      </PolyStyle>
      <BalloonStyle>
        <text><![CDATA[<h3>$[name]</h3>]]></text>
      </BalloonStyle>
    </Style>
    <Style id="poly-3949AB-2171-87-nodesc-highlight">
      <LineStyle>
        <color>ffab4939</color>
        <width>3.2565</width>
      </LineStyle>
      <PolyStyle>
        <color>57ab4939</color>
        <fill>1</fill>
        <outline>1</outline>
      </PolyStyle>
      <BalloonStyle>
        <text><![CDATA[<h3>$[name]</h3>]]></text>
      </BalloonStyle>
    </Style>
    <StyleMap id="poly-3949AB-2171-87-nodesc">
      <Pair>
        <key>normal</key>
        <styleUrl>#poly-3949AB-2171-87-nodesc-normal</styleUrl>
      </Pair>
      <Pair>
        <key>highlight</key>
        <styleUrl>#poly-3949AB-2171-87-nodesc-highlight</styleUrl>
      </Pair>
    </StyleMap>
    <Style id="poly-3949AB-2270-92-nodesc-normal">
      <LineStyle>
        <color>ffab4939</color>
        <width>2.27</width>
      </LineStyle>
      <PolyStyle>
        <color>5cab4939</color>
        <fill>1</fill>
        <outline>1</outline>
      </PolyStyle>
      <BalloonStyle>
        <text><![CDATA[<h3>$[name]</h3>]]></text>
      </BalloonStyle>
    </Style>
    <Style id="poly-3949AB-2270-92-nodesc-highlight">
      <LineStyle>
        <color>ffab4939</color>
        <width>3.405</width>
      </LineStyle>
      <PolyStyle>
        <color>5cab4939</color>
        <fill>1</fill>
        <outline>1</outline>
      </PolyStyle>
      <BalloonStyle>
        <text><![CDATA[<h3>$[name]</h3>]]></text>
      </BalloonStyle>
    </Style>
    <StyleMap id="poly-3949AB-2270-92-nodesc">
      <Pair>
        <key>normal</key>
        <styleUrl>#poly-3949AB-2270-92-nodesc-normal</styleUrl>
      </Pair>
      <Pair>
        <key>highlight</key>
        <styleUrl>#poly-3949AB-2270-92-nodesc-highlight</styleUrl>
      </Pair>
    </StyleMap>
    <Style id="poly-3949AB-2369-92-nodesc-normal">
      <LineStyle>
        <color>ffab4939</color>
        <width>2.369</width>
      </LineStyle>
      <PolyStyle>
        <color>5cab4939</color>
        <fill>1</fill>
        <outline>1</outline>
      </PolyStyle>
      <BalloonStyle>
        <text><![CDATA[<h3>$[name]</h3>]]></text>
      </BalloonStyle>
    </Style>
    <Style id="poly-3949AB-2369-92-nodesc-highlight">
      <LineStyle>
        <color>ffab4939</color>
        <width>3.5535</width>
      </LineStyle>
      <PolyStyle>
        <color>5cab4939</color>
        <fill>1</fill>
        <outline>1</outline>
      </PolyStyle>
      <BalloonStyle>
        <text><![CDATA[<h3>$[name]</h3>]]></text>
      </BalloonStyle>
    </Style>
    <StyleMap id="poly-3949AB-2369-92-nodesc">
      <Pair>
        <key>normal</key>
        <styleUrl>#poly-3949AB-2369-92-nodesc-normal</styleUrl>
      </Pair>
      <Pair>
        <key>highlight</key>
        <styleUrl>#poly-3949AB-2369-92-nodesc-highlight</styleUrl>
      </Pair>
    </StyleMap>
    <Style id="poly-7CB342-1200-77-nodesc-normal">
      <LineStyle>
        <color>ff42b37c</color>
        <width>1.2</width>
      </LineStyle>
      <PolyStyle>
        <color>4d42b37c</color>
        <fill>1</fill>
        <outline>1</outline>
      </PolyStyle>
      <BalloonStyle>
        <text><![CDATA[<h3>$[name]</h3>]]></text>
      </BalloonStyle>
    </Style>
    <Style id="poly-7CB342-1200-77-nodesc-highlight">
      <LineStyle>
        <color>ff42b37c</color>
        <width>1.8</width>
      </LineStyle>
      <PolyStyle>
        <color>4d42b37c</color>
        <fill>1</fill>
        <outline>1</outline>
      </PolyStyle>
      <BalloonStyle>
        <text><![CDATA[<h3>$[name]</h3>]]></text>
      </BalloonStyle>
    </Style>
    <StyleMap id="poly-7CB342-1200-77-nodesc">
      <Pair>
        <key>normal</key>
        <styleUrl>#poly-7CB342-1200-77-nodesc-normal</styleUrl>
      </Pair>
      <Pair>
        <key>highlight</key>
        <styleUrl>#poly-7CB342-1200-77-nodesc-highlight</styleUrl>
      </Pair>
    </StyleMap>
    <Style id="poly-7CB342-2071-97-nodesc-normal">
      <LineStyle>
        <color>ff42b37c</color>
        <width>2.071</width>
      </LineStyle>
      <PolyStyle>
        <color>6142b37c</color>
        <fill>1</fill>
        <outline>1</outline>
      </PolyStyle>
      <BalloonStyle>
        <text><![CDATA[<h3>$[name]</h3>]]></text>
      </BalloonStyle>
    </Style>
    <Style id="poly-7CB342-2071-97-nodesc-highlight">
      <LineStyle>
        <color>ff42b37c</color>
        <width>3.1065</width>
      </LineStyle>
      <PolyStyle>
        <color>6142b37c</color>
        <fill>1</fill>
        <outline>1</outline>
      </PolyStyle>
      <BalloonStyle>
        <text><![CDATA[<h3>$[name]</h3>]]></text>
      </BalloonStyle>
    </Style>
    <StyleMap id="poly-7CB342-2071-97-nodesc">
      <Pair>
        <key>normal</key>
        <styleUrl>#poly-7CB342-2071-97-nodesc-normal</styleUrl>
      </Pair>
      <Pair>
        <key>highlight</key>
        <styleUrl>#poly-7CB342-2071-97-nodesc-highlight</styleUrl>
      </Pair>
    </StyleMap>
    <Style id="poly-7CB342-2171-92-nodesc-normal">
      <LineStyle>
        <color>ff42b37c</color>
        <width>2.171</width>
      </LineStyle>
      <PolyStyle>
        <color>5c42b37c</color>
        <fill>1</fill>
        <outline>1</outline>
      </PolyStyle>
      <BalloonStyle>
        <text><![CDATA[<h3>$[name]</h3>]]></text>
      </BalloonStyle>
    </Style>
    <Style id="poly-7CB342-2171-92-nodesc-highlight">
      <LineStyle>
        <color>ff42b37c</color>
        <width>3.2565</width>
      </LineStyle>
      <PolyStyle>
        <color>5c42b37c</color>
        <fill>1</fill>
        <outline>1</outline>
      </PolyStyle>
      <BalloonStyle>
        <text><![CDATA[<h3>$[name]</h3>]]></text>
      </BalloonStyle>
    </Style>
    <StyleMap id="poly-7CB342-2171-92-nodesc">
      <Pair>
        <key>normal</key>
        <styleUrl>#poly-7CB342-2171-92-nodesc-normal</styleUrl>
      </Pair>
      <Pair>
        <key>highlight</key>
        <styleUrl>#poly-7CB342-2171-92-nodesc-highlight</styleUrl>
      </Pair>
    </StyleMap>
    <Style id="poly-7CB342-2270-94-nodesc-normal">
      <LineStyle>
        <color>ff42b37c</color>
        <width>2.27</width>
      </LineStyle>
      <PolyStyle>
        <color>5e42b37c</color>
        <fill>1</fill>
        <outline>1</outline>
      </PolyStyle>
      <BalloonStyle>
        <text><![CDATA[<h3>$[name]</h3>]]></text>
      </BalloonStyle>
    </Style>
    <Style id="poly-7CB342-2270-94-nodesc-highlight">
      <LineStyle>
        <color>ff42b37c</color>
        <width>3.405</width>
      </LineStyle>
      <PolyStyle>
        <color>5e42b37c</color>
        <fill>1</fill>
        <outline>1</outline>
      </PolyStyle>
      <BalloonStyle>
        <text><![CDATA[<h3>$[name]</h3>]]></text>
      </BalloonStyle>
    </Style>
    <StyleMap id="poly-7CB342-2270-94-nodesc">
      <Pair>
        <key>normal</key>
        <styleUrl>#poly-7CB342-2270-94-nodesc-normal</styleUrl>
      </Pair>
      <Pair>
        <key>highlight</key>
        <styleUrl>#poly-7CB342-2270-94-nodesc-highlight</styleUrl>
      </Pair>
    </StyleMap>
    <Style id="poly-7CB342-2469-92-nodesc-normal">
      <LineStyle>
        <color>ff42b37c</color>
        <width>2.469</width>
      </LineStyle>
      <PolyStyle>
        <color>5c42b37c</color>
        <fill>1</fill>
        <outline>1</outline>
      </PolyStyle>
      <BalloonStyle>
        <text><![CDATA[<h3>$[name]</h3>]]></text>
      </BalloonStyle>
    </Style>
    <Style id="poly-7CB342-2469-92-nodesc-highlight">
      <LineStyle>
        <color>ff42b37c</color>
        <width>3.7035</width>
      </LineStyle>
      <PolyStyle>
        <color>5c42b37c</color>
        <fill>1</fill>
        <outline>1</outline>
      </PolyStyle>
      <BalloonStyle>
        <text><![CDATA[<h3>$[name]</h3>]]></text>
      </BalloonStyle>
    </Style>
    <StyleMap id="poly-7CB342-2469-92-nodesc">
      <Pair>
        <key>normal</key>
        <styleUrl>#poly-7CB342-2469-92-nodesc-normal</styleUrl>
      </Pair>
      <Pair>
        <key>highlight</key>
        <styleUrl>#poly-7CB342-2469-92-nodesc-highlight</styleUrl>
      </Pair>
    </StyleMap>
    <Style id="poly-7CB342-5052-77-nodesc-normal">
      <LineStyle>
        <color>ff42b37c</color>
        <width>5.052</width>
      </LineStyle>
      <PolyStyle>
        <color>4d42b37c</color>
        <fill>1</fill>
        <outline>1</outline>
      </PolyStyle>
      <BalloonStyle>
        <text><![CDATA[<h3>$[name]</h3>]]></text>
      </BalloonStyle>
    </Style>
    <Style id="poly-7CB342-5052-77-nodesc-highlight">
      <LineStyle>
        <color>ff42b37c</color>
        <width>7.578</width>
      </LineStyle>
      <PolyStyle>
        <color>4d42b37c</color>
        <fill>1</fill>
        <outline>1</outline>
      </PolyStyle>
      <BalloonStyle>
        <text><![CDATA[<h3>$[name]</h3>]]></text>
      </BalloonStyle>
    </Style>
    <StyleMap id="poly-7CB342-5052-77-nodesc">
      <Pair>
        <key>normal</key>
        <styleUrl>#poly-7CB342-5052-77-nodesc-normal</styleUrl>
      </Pair>
      <Pair>
        <key>highlight</key>
        <styleUrl>#poly-7CB342-5052-77-nodesc-highlight</styleUrl>
      </Pair>
    </StyleMap>
    <Style id="poly-F57C00-3661-112-nodesc-normal">
      <LineStyle>
        <color>ff007cf5</color>
        <width>3.661</width>
      </LineStyle>
      <PolyStyle>
        <color>70007cf5</color>
        <fill>1</fill>
        <outline>1</outline>
      </PolyStyle>
      <BalloonStyle>
        <text><![CDATA[<h3>$[name]</h3>]]></text>
      </BalloonStyle>
    </Style>
    <Style id="poly-F57C00-3661-112-nodesc-highlight">
      <LineStyle>
        <color>ff007cf5</color>
        <width>5.4915</width>
      </LineStyle>
      <PolyStyle>
        <color>70007cf5</color>
        <fill>1</fill>
        <outline>1</outline>
      </PolyStyle>
      <BalloonStyle>
        <text><![CDATA[<h3>$[name]</h3>]]></text>
      </BalloonStyle>
    </Style>
    <StyleMap id="poly-F57C00-3661-112-nodesc">
      <Pair>
        <key>normal</key>
        <styleUrl>#poly-F57C00-3661-112-nodesc-normal</styleUrl>
      </Pair>
      <Pair>
        <key>highlight</key>
        <styleUrl>#poly-F57C00-3661-112-nodesc-highlight</styleUrl>
      </Pair>
    </StyleMap>
    <Style id="poly-F57C00-3860-143-nodesc-normal">
      <LineStyle>
        <color>ff007cf5</color>
        <width>3.86</width>
      </LineStyle>
      <PolyStyle>
        <color>8f007cf5</color>
        <fill>1</fill>
        <outline>1</outline>
      </PolyStyle>
      <BalloonStyle>
        <text><![CDATA[<h3>$[name]</h3>]]></text>
      </BalloonStyle>
    </Style>
    <Style id="poly-F57C00-3860-143-nodesc-highlight">
      <LineStyle>
        <color>ff007cf5</color>
        <width>5.79</width>
      </LineStyle>
      <PolyStyle>
        <color>8f007cf5</color>
        <fill>1</fill>
        <outline>1</outline>
      </PolyStyle>
      <BalloonStyle>
        <text><![CDATA[<h3>$[name]</h3>]]></text>
      </BalloonStyle>
    </Style>
    <StyleMap id="poly-F57C00-3860-143-nodesc">
      <Pair>
        <key>normal</key>
        <styleUrl>#poly-F57C00-3860-143-nodesc-normal</styleUrl>
      </Pair>
      <Pair>
        <key>highlight</key>
        <styleUrl>#poly-F57C00-3860-143-nodesc-highlight</styleUrl>
      </Pair>
    </StyleMap>
    <Style id="poly-FF5252-1078-110-nodesc-normal">
      <LineStyle>
        <color>ff5252ff</color>
        <width>1.078</width>
      </LineStyle>
      <PolyStyle>
        <color>6e5252ff</color>
        <fill>1</fill>
        <outline>1</outline>
      </PolyStyle>
      <BalloonStyle>
        <text><![CDATA[<h3>$[name]</h3>]]></text>
      </BalloonStyle>
    </Style>
    <Style id="poly-FF5252-1078-110-nodesc-highlight">
      <LineStyle>
        <color>ff5252ff</color>
        <width>1.617</width>
      </LineStyle>
      <PolyStyle>
        <color>6e5252ff</color>
        <fill>1</fill>
        <outline>1</outline>
      </PolyStyle>
      <BalloonStyle>
        <text><![CDATA[<h3>$[name]</h3>]]></text>
      </BalloonStyle>
    </Style>
    <StyleMap id="poly-FF5252-1078-110-nodesc">
      <Pair>
        <key>normal</key>
        <styleUrl>#poly-FF5252-1078-110-nodesc-normal</styleUrl>
      </Pair>
      <Pair>
        <key>highlight</key>
        <styleUrl>#poly-FF5252-1078-110-nodesc-highlight</styleUrl>
      </Pair>
    </StyleMap>
    <Style id="poly-FF5252-1200-105-nodesc-normal">
      <LineStyle>
        <color>ff5252ff</color>
        <width>1.2</width>
      </LineStyle>
      <PolyStyle>
        <color>695252ff</color>
        <fill>1</fill>
        <outline>1</outline>
      </PolyStyle>
      <BalloonStyle>
        <text><![CDATA[<h3>$[name]</h3>]]></text>
      </BalloonStyle>
    </Style>
    <Style id="poly-FF5252-1200-105-nodesc-highlight">
      <LineStyle>
        <color>ff5252ff</color>
        <width>1.8</width>
      </LineStyle>
      <PolyStyle>
        <color>695252ff</color>
        <fill>1</fill>
        <outline>1</outline>
      </PolyStyle>
      <BalloonStyle>
        <text><![CDATA[<h3>$[name]</h3>]]></text>
      </BalloonStyle>
    </Style>
    <StyleMap id="poly-FF5252-1200-105-nodesc">
      <Pair>
        <key>normal</key>
        <styleUrl>#poly-FF5252-1200-105-nodesc-normal</styleUrl>
      </Pair>
      <Pair>
        <key>highlight</key>
        <styleUrl>#poly-FF5252-1200-105-nodesc-highlight</styleUrl>
      </Pair>
    </StyleMap>
    <Style id="poly-FF5252-1200-77-nodesc-normal">
      <LineStyle>
        <color>ff5252ff</color>
        <width>1.2</width>
      </LineStyle>
      <PolyStyle>
        <color>4d5252ff</color>
        <fill>1</fill>
        <outline>1</outline>
      </PolyStyle>
      <BalloonStyle>
        <text><![CDATA[<h3>$[name]</h3>]]></text>
      </BalloonStyle>
    </Style>
    <Style id="poly-FF5252-1200-77-nodesc-highlight">
      <LineStyle>
        <color>ff5252ff</color>
        <width>1.8</width>
      </LineStyle>
      <PolyStyle>
        <color>4d5252ff</color>
        <fill>1</fill>
        <outline>1</outline>
      </PolyStyle>
      <BalloonStyle>
        <text><![CDATA[<h3>$[name]</h3>]]></text>
      </BalloonStyle>
    </Style>
    <StyleMap id="poly-FF5252-1200-77-nodesc">
      <Pair>
        <key>normal</key>
        <styleUrl>#poly-FF5252-1200-77-nodesc-normal</styleUrl>
      </Pair>
      <Pair>
        <key>highlight</key>
        <styleUrl>#poly-FF5252-1200-77-nodesc-highlight</styleUrl>
      </Pair>
    </StyleMap>
    <Style id="poly-FF5252-1475-107-nodesc-normal">
      <LineStyle>
        <color>ff5252ff</color>
        <width>1.475</width>
      </LineStyle>
      <PolyStyle>
        <color>6b5252ff</color>
        <fill>1</fill>
        <outline>1</outline>
      </PolyStyle>
      <BalloonStyle>
        <text><![CDATA[<h3>$[name]</h3>]]></text>
      </BalloonStyle>
    </Style>
    <Style id="poly-FF5252-1475-107-nodesc-highlight">
      <LineStyle>
        <color>ff5252ff</color>
        <width>2.2125</width>
      </LineStyle>
      <PolyStyle>
        <color>6b5252ff</color>
        <fill>1</fill>
        <outline>1</outline>
      </PolyStyle>
      <BalloonStyle>
        <text><![CDATA[<h3>$[name]</h3>]]></text>
      </BalloonStyle>
    </Style>
    <StyleMap id="poly-FF5252-1475-107-nodesc">
      <Pair>
        <key>normal</key>
        <styleUrl>#poly-FF5252-1475-107-nodesc-normal</styleUrl>
      </Pair>
      <Pair>
        <key>highlight</key>
        <styleUrl>#poly-FF5252-1475-107-nodesc-highlight</styleUrl>
      </Pair>
    </StyleMap>
    <Style id="poly-FF5252-1801-120-nodesc-normal">
      <LineStyle>
        <color>ff5252ff</color>
        <width>1.801</width>
      </LineStyle>
      <PolyStyle>
        <color>785252ff</color>
        <fill>1</fill>
        <outline>1</outline>
      </PolyStyle>
      <BalloonStyle>
        <text><![CDATA[<h3>$[name]</h3>]]></text>
      </BalloonStyle>
    </Style>
    <Style id="poly-FF5252-1801-120-nodesc-highlight">
      <LineStyle>
        <color>ff5252ff</color>
        <width>2.7015</width>
      </LineStyle>
      <PolyStyle>
        <color>785252ff</color>
        <fill>1</fill>
        <outline>1</outline>
      </PolyStyle>
      <BalloonStyle>
        <text><![CDATA[<h3>$[name]</h3>]]></text>
      </BalloonStyle>
    </Style>
    <StyleMap id="poly-FF5252-1801-120-nodesc">
      <Pair>
        <key>normal</key>
        <styleUrl>#poly-FF5252-1801-120-nodesc-normal</styleUrl>
      </Pair>
      <Pair>
        <key>highlight</key>
        <styleUrl>#poly-FF5252-1801-120-nodesc-highlight</styleUrl>
      </Pair>
    </StyleMap>
    <Style id="poly-FF5252-1801-77-nodesc-normal">
      <LineStyle>
        <color>ff5252ff</color>
        <width>1.801</width>
      </LineStyle>
      <PolyStyle>
        <color>4d5252ff</color>
        <fill>1</fill>
        <outline>1</outline>
      </PolyStyle>
      <BalloonStyle>
        <text><![CDATA[<h3>$[name]</h3>]]></text>
      </BalloonStyle>
    </Style>
    <Style id="poly-FF5252-1801-77-nodesc-highlight">
      <LineStyle>
        <color>ff5252ff</color>
        <width>2.7015</width>
      </LineStyle>
      <PolyStyle>
        <color>4d5252ff</color>
        <fill>1</fill>
        <outline>1</outline>
      </PolyStyle>
      <BalloonStyle>
        <text><![CDATA[<h3>$[name]</h3>]]></text>
      </BalloonStyle>
    </Style>
    <StyleMap id="poly-FF5252-1801-77-nodesc">
      <Pair>
        <key>normal</key>
        <styleUrl>#poly-FF5252-1801-77-nodesc-normal</styleUrl>
      </Pair>
      <Pair>
        <key>highlight</key>
        <styleUrl>#poly-FF5252-1801-77-nodesc-highlight</styleUrl>
      </Pair>
    </StyleMap>
    <Style id="poly-FF5252-2270-92-nodesc-normal">
      <LineStyle>
        <color>ff5252ff</color>
        <width>2.27</width>
      </LineStyle>
      <PolyStyle>
        <color>5c5252ff</color>
        <fill>1</fill>
        <outline>1</outline>
      </PolyStyle>
      <BalloonStyle>
        <text><![CDATA[<h3>$[name]</h3>]]></text>
      </BalloonStyle>
    </Style>
    <Style id="poly-FF5252-2270-92-nodesc-highlight">
      <LineStyle>
        <color>ff5252ff</color>
        <width>3.405</width>
      </LineStyle>
      <PolyStyle>
        <color>5c5252ff</color>
        <fill>1</fill>
        <outline>1</outline>
      </PolyStyle>
      <BalloonStyle>
        <text><![CDATA[<h3>$[name]</h3>]]></text>
      </BalloonStyle>
    </Style>
    <StyleMap id="poly-FF5252-2270-92-nodesc">
      <Pair>
        <key>normal</key>
        <styleUrl>#poly-FF5252-2270-92-nodesc-normal</styleUrl>
      </Pair>
      <Pair>
        <key>highlight</key>
        <styleUrl>#poly-FF5252-2270-92-nodesc-highlight</styleUrl>
      </Pair>
    </StyleMap>
    <Style id="poly-FF5252-2270-99-nodesc-normal">
      <LineStyle>
        <color>ff5252ff</color>
        <width>2.27</width>
      </LineStyle>
      <PolyStyle>
        <color>635252ff</color>
        <fill>1</fill>
        <outline>1</outline>
      </PolyStyle>
      <BalloonStyle>
        <text><![CDATA[<h3>$[name]</h3>]]></text>
      </BalloonStyle>
    </Style>
    <Style id="poly-FF5252-2270-99-nodesc-highlight">
      <LineStyle>
        <color>ff5252ff</color>
        <width>3.405</width>
      </LineStyle>
      <PolyStyle>
        <color>635252ff</color>
        <fill>1</fill>
        <outline>1</outline>
      </PolyStyle>
      <BalloonStyle>
        <text><![CDATA[<h3>$[name]</h3>]]></text>
      </BalloonStyle>
    </Style>
    <StyleMap id="poly-FF5252-2270-99-nodesc">
      <Pair>
        <key>normal</key>
        <styleUrl>#poly-FF5252-2270-99-nodesc-normal</styleUrl>
      </Pair>
      <Pair>
        <key>highlight</key>
        <styleUrl>#poly-FF5252-2270-99-nodesc-highlight</styleUrl>
      </Pair>
    </StyleMap>
    <Style id="poly-FF5252-2469-102-nodesc-normal">
      <LineStyle>
        <color>ff5252ff</color>
        <width>2.469</width>
      </LineStyle>
      <PolyStyle>
        <color>665252ff</color>
        <fill>1</fill>
        <outline>1</outline>
      </PolyStyle>
      <BalloonStyle>
        <text><![CDATA[<h3>$[name]</h3>]]></text>
      </BalloonStyle>
    </Style>
    <Style id="poly-FF5252-2469-102-nodesc-highlight">
      <LineStyle>
        <color>ff5252ff</color>
        <width>3.7035</width>
      </LineStyle>
      <PolyStyle>
        <color>665252ff</color>
        <fill>1</fill>
        <outline>1</outline>
      </PolyStyle>
      <BalloonStyle>
        <text><![CDATA[<h3>$[name]</h3>]]></text>
      </BalloonStyle>
    </Style>
    <StyleMap id="poly-FF5252-2469-102-nodesc">
      <Pair>
        <key>normal</key>
        <styleUrl>#poly-FF5252-2469-102-nodesc-normal</styleUrl>
      </Pair>
      <Pair>
        <key>highlight</key>
        <styleUrl>#poly-FF5252-2469-102-nodesc-highlight</styleUrl>
      </Pair>
    </StyleMap>
    <Style id="poly-FF5252-2568-105-nodesc-normal">
      <LineStyle>
        <color>ff5252ff</color>
        <width>2.568</width>
      </LineStyle>
      <PolyStyle>
        <color>695252ff</color>
        <fill>1</fill>
        <outline>1</outline>
      </PolyStyle>
      <BalloonStyle>
        <text><![CDATA[<h3>$[name]</h3>]]></text>
      </BalloonStyle>
    </Style>
    <Style id="poly-FF5252-2568-105-nodesc-highlight">
      <LineStyle>
        <color>ff5252ff</color>
        <width>3.852</width>
      </LineStyle>
      <PolyStyle>
        <color>695252ff</color>
        <fill>1</fill>
        <outline>1</outline>
      </PolyStyle>
      <BalloonStyle>
        <text><![CDATA[<h3>$[name]</h3>]]></text>
      </BalloonStyle>
    </Style>
    <StyleMap id="poly-FF5252-2568-105-nodesc">
      <Pair>
        <key>normal</key>
        <styleUrl>#poly-FF5252-2568-105-nodesc-normal</styleUrl>
      </Pair>
      <Pair>
        <key>highlight</key>
        <styleUrl>#poly-FF5252-2568-105-nodesc-highlight</styleUrl>
      </Pair>
    </StyleMap>
    <Style id="poly-FF5252-2568-97-nodesc-normal">
      <LineStyle>
        <color>ff5252ff</color>
        <width>2.568</width>
      </LineStyle>
      <PolyStyle>
        <color>615252ff</color>
        <fill>1</fill>
        <outline>1</outline>
      </PolyStyle>
      <BalloonStyle>
        <text><![CDATA[<h3>$[name]</h3>]]></text>
      </BalloonStyle>
    </Style>
    <Style id="poly-FF5252-2568-97-nodesc-highlight">
      <LineStyle>
        <color>ff5252ff</color>
        <width>3.852</width>
      </LineStyle>
      <PolyStyle>
        <color>615252ff</color>
        <fill>1</fill>
        <outline>1</outline>
      </PolyStyle>
      <BalloonStyle>
        <text><![CDATA[<h3>$[name]</h3>]]></text>
      </BalloonStyle>
    </Style>
    <StyleMap id="poly-FF5252-2568-97-nodesc">
      <Pair>
        <key>normal</key>
        <styleUrl>#poly-FF5252-2568-97-nodesc-normal</styleUrl>
      </Pair>
      <Pair>
        <key>highlight</key>
        <styleUrl>#poly-FF5252-2568-97-nodesc-highlight</styleUrl>
      </Pair>
    </StyleMap>
    <Style id="poly-FF5252-2667-87-nodesc-normal">
      <LineStyle>
        <color>ff5252ff</color>
        <width>2.667</width>
      </LineStyle>
      <PolyStyle>
        <color>575252ff</color>
        <fill>1</fill>
        <outline>1</outline>
      </PolyStyle>
      <BalloonStyle>
        <text><![CDATA[<h3>$[name]</h3>]]></text>
      </BalloonStyle>
    </Style>
    <Style id="poly-FF5252-2667-87-nodesc-highlight">
      <LineStyle>
        <color>ff5252ff</color>
        <width>4.0005</width>
      </LineStyle>
      <PolyStyle>
        <color>575252ff</color>
        <fill>1</fill>
        <outline>1</outline>
      </PolyStyle>
      <BalloonStyle>
        <text><![CDATA[<h3>$[name]</h3>]]></text>
      </BalloonStyle>
    </Style>
    <StyleMap id="poly-FF5252-2667-87-nodesc">
      <Pair>
        <key>normal</key>
        <styleUrl>#poly-FF5252-2667-87-nodesc-normal</styleUrl>
      </Pair>
      <Pair>
        <key>highlight</key>
        <styleUrl>#poly-FF5252-2667-87-nodesc-highlight</styleUrl>
      </Pair>
    </StyleMap>
    <Style id="poly-FF5252-2866-133-nodesc-normal">
      <LineStyle>
        <color>ff5252ff</color>
        <width>2.866</width>
      </LineStyle>
      <PolyStyle>
        <color>855252ff</color>
        <fill>1</fill>
        <outline>1</outline>
      </PolyStyle>
      <BalloonStyle>
        <text><![CDATA[<h3>$[name]</h3>]]></text>
      </BalloonStyle>
    </Style>
    <Style id="poly-FF5252-2866-133-nodesc-highlight">
      <LineStyle>
        <color>ff5252ff</color>
        <width>4.299</width>
      </LineStyle>
      <PolyStyle>
        <color>855252ff</color>
        <fill>1</fill>
        <outline>1</outline>
      </PolyStyle>
      <BalloonStyle>
        <text><![CDATA[<h3>$[name]</h3>]]></text>
      </BalloonStyle>
    </Style>
    <StyleMap id="poly-FF5252-2866-133-nodesc">
      <Pair>
        <key>normal</key>
        <styleUrl>#poly-FF5252-2866-133-nodesc-normal</styleUrl>
      </Pair>
      <Pair>
        <key>highlight</key>
        <styleUrl>#poly-FF5252-2866-133-nodesc-highlight</styleUrl>
      </Pair>
    </StyleMap>
    <Style id="poly-FF5252-2982-110-nodesc-normal">
      <LineStyle>
        <color>ff5252ff</color>
        <width>2.982</width>
      </LineStyle>
      <PolyStyle>
        <color>6e5252ff</color>
        <fill>1</fill>
        <outline>1</outline>
      </PolyStyle>
      <BalloonStyle>
        <text><![CDATA[<h3>$[name]</h3>]]></text>
      </BalloonStyle>
    </Style>
    <Style id="poly-FF5252-2982-110-nodesc-highlight">
      <LineStyle>
        <color>ff5252ff</color>
        <width>4.473</width>
      </LineStyle>
      <PolyStyle>
        <color>6e5252ff</color>
        <fill>1</fill>
        <outline>1</outline>
      </PolyStyle>
      <BalloonStyle>
        <text><![CDATA[<h3>$[name]</h3>]]></text>
      </BalloonStyle>
    </Style>
    <StyleMap id="poly-FF5252-2982-110-nodesc">
      <Pair>
        <key>normal</key>
        <styleUrl>#poly-FF5252-2982-110-nodesc-normal</styleUrl>
      </Pair>
      <Pair>
        <key>highlight</key>
        <styleUrl>#poly-FF5252-2982-110-nodesc-highlight</styleUrl>
      </Pair>
    </StyleMap>
    <Style id="poly-FF5252-3065-117-nodesc-normal">
      <LineStyle>
        <color>ff5252ff</color>
        <width>3.065</width>
      </LineStyle>
      <PolyStyle>
        <color>755252ff</color>
        <fill>1</fill>
        <outline>1</outline>
      </PolyStyle>
      <BalloonStyle>
        <text><![CDATA[<h3>$[name]</h3>]]></text>
      </BalloonStyle>
    </Style>
    <Style id="poly-FF5252-3065-117-nodesc-highlight">
      <LineStyle>
        <color>ff5252ff</color>
        <width>4.5975</width>
      </LineStyle>
      <PolyStyle>
        <color>755252ff</color>
        <fill>1</fill>
        <outline>1</outline>
      </PolyStyle>
      <BalloonStyle>
        <text><![CDATA[<h3>$[name]</h3>]]></text>
      </BalloonStyle>
    </Style>
    <StyleMap id="poly-FF5252-3065-117-nodesc">
      <Pair>
        <key>normal</key>
        <styleUrl>#poly-FF5252-3065-117-nodesc-normal</styleUrl>
      </Pair>
      <Pair>
        <key>highlight</key>
        <styleUrl>#poly-FF5252-3065-117-nodesc-highlight</styleUrl>
      </Pair>
    </StyleMap>
    <Style id="poly-FF5252-3562-112-nodesc-normal">
      <LineStyle>
        <color>ff5252ff</color>
        <width>3.562</width>
      </LineStyle>
      <PolyStyle>
        <color>705252ff</color>
        <fill>1</fill>
        <outline>1</outline>
      </PolyStyle>
      <BalloonStyle>
        <text><![CDATA[<h3>$[name]</h3>]]></text>
      </BalloonStyle>
    </Style>
    <Style id="poly-FF5252-3562-112-nodesc-highlight">
      <LineStyle>
        <color>ff5252ff</color>
        <width>5.343</width>
      </LineStyle>
      <PolyStyle>
        <color>705252ff</color>
        <fill>1</fill>
        <outline>1</outline>
      </PolyStyle>
      <BalloonStyle>
        <text><![CDATA[<h3>$[name]</h3>]]></text>
      </BalloonStyle>
    </Style>
    <StyleMap id="poly-FF5252-3562-112-nodesc">
      <Pair>
        <key>normal</key>
        <styleUrl>#poly-FF5252-3562-112-nodesc-normal</styleUrl>
      </Pair>
      <Pair>
        <key>highlight</key>
        <styleUrl>#poly-FF5252-3562-112-nodesc-highlight</styleUrl>
      </Pair>
    </StyleMap>
    <Style id="poly-FF5252-501-128-nodesc-normal">
      <LineStyle>
        <color>ff5252ff</color>
        <width>0.501</width>
      </LineStyle>
      <PolyStyle>
        <color>805252ff</color>
        <fill>1</fill>
        <outline>1</outline>
      </PolyStyle>
      <BalloonStyle>
        <text><![CDATA[<h3>$[name]</h3>]]></text>
      </BalloonStyle>
    </Style>
    <Style id="poly-FF5252-501-128-nodesc-highlight">
      <LineStyle>
        <color>ff5252ff</color>
        <width>0.7515</width>
      </LineStyle>
      <PolyStyle>
        <color>805252ff</color>
        <fill>1</fill>
        <outline>1</outline>
      </PolyStyle>
      <BalloonStyle>
        <text><![CDATA[<h3>$[name]</h3>]]></text>
      </BalloonStyle>
    </Style>
    <StyleMap id="poly-FF5252-501-128-nodesc">
      <Pair>
        <key>normal</key>
        <styleUrl>#poly-FF5252-501-128-nodesc-normal</styleUrl>
      </Pair>
      <Pair>
        <key>highlight</key>
        <styleUrl>#poly-FF5252-501-128-nodesc-highlight</styleUrl>
      </Pair>
    </StyleMap>
    <Folder>
      <name>Ukrainian advances</name>
      <Placemark>
        <name>Zelena Dolyna</name>
        <styleUrl>#poly-0288D1-3976-133-nodesc</styleUrl>
        <Polygon>
          <outerBoundaryIs>
            <LinearRing>
              <tessellate>1</tessellate>
              <coordinates>
                37.6623082,49.0298529,0
                37.6690867,49.031261,0
                37.6785251,49.0360993,0
                37.6912233,49.0399187,0
                37.7064104,49.0427723,0
                37.7136603,49.039246,0
                37.7220132,49.0305792,0
                37.7369082,49.0251573,0
                37.7518024,49.0278377,0
                37.7550403,49.0299291,0
                37.7618537,49.0230802,0
                37.773082,49.0309891,0
                37.7773432,49.0323975,0
                37.7983151,49.0420329,0
                37.8199014,49.0473494,0
                37.8365525,49.0482495,0
                37.8368546,49.0574619,0
                37.8491742,49.0578994,0
                37.8430679,49.0723238,0
                37.8368881,49.0927866,0
                37.8418663,49.1009919,0
                37.8229835,49.1209186,0
                37.8229835,49.1251127,0
                37.8251579,49.1323017,0
                37.8526237,49.1456661,0
                37.8483894,49.1579416,0
                37.8499916,49.1637789,0
                37.8469017,49.1756011,0
                37.821038,49.178818,0
                37.8263023,49.1909358,0
                37.8122261,49.1920577,0
                37.8144005,49.2001343,0
                37.7979691,49.2016929,0
                37.7095941,49.2203179,0
                37.6819536,49.1746589,0
                37.6298416,49.1479171,0
                37.6223785,49.1465408,0
                37.6204988,49.1469316,0
                37.6053926,49.1366001,0
                37.6136324,49.1222222,0
                37.5932018,49.1128391,0
                37.593033,49.0761401,0
                37.5908016,49.0644137,0
                37.6022169,49.0615874,0
                37.6040182,49.0569611,0
                37.6050493,49.0449823,0
                37.6142538,49.0442533,0
                37.6202285,49.0448254,0
                37.6246999,49.0424031,0
                37.6255976,49.0390318,0
                37.6275252,49.0372359,0
                37.6361844,49.0369067,0
                37.6565154,49.0327494,0
                37.6582801,49.0319966,0
                37.6623082,49.0298529,0
              </coordinates>
            </LinearRing>
          </outerBoundaryIs>
        </Polygon>
      </Placemark>
    </Folder>
    <Folder>
      <name>Confirmed Russian advances</name>
      <Placemark>
        <name>Izhevka</name>
        <styleUrl>#poly-7CB342-2071-97-nodesc</styleUrl>
        <Polygon>
          <outerBoundaryIs>
            <LinearRing>
              <tessellate>1</tessellate>
              <coordinates>
                37.6194501,48.574539,0
                37.6208806,48.5739143,0
                37.6221681,48.5721727,0
                37.6232266,48.5713209,0
                37.6252294,48.5708286,0
                37.6272321,48.5707908,0
                37.6332402,48.5680835,0
                37.6349854,48.5662282,0
                37.6358437,48.5647514,0
                37.6361585,48.5632935,0
                37.6368737,48.5628012,0
                37.6388192,48.5625361,0
                37.6417088,48.5603775,0
                37.6416802,48.5584272,0
                37.6425635,48.5572878,0
                37.6485717,48.5576287,0
                37.6518761,48.5590773,0
                37.6562971,48.5602967,0
                37.6589572,48.5625992,0
                37.66106,48.5628832,0
                37.6632487,48.5616619,0
                37.6670253,48.5617755,0
                37.6750504,48.5569185,0
                37.6789174,48.5604064,0
                37.6813144,48.5646616,0
                37.685377,48.5704928,0
                37.685878,48.5767433,0
                37.6903126,48.5799611,0
                37.6806587,48.5842127,0
                37.676596,48.5903255,0
                37.6728195,48.5894928,0
                37.6704448,48.5877707,0
                37.6605457,48.5940533,0
                37.6579994,48.5921611,0
                37.6609176,48.5898902,0
                37.6601737,48.5870705,0
                37.6579135,48.5853104,0
                37.6581996,48.5837774,0
                37.6568263,48.582074,0
                37.6539081,48.5824714,0
                37.6519626,48.5839856,0
                37.6503032,48.583096,0
                37.647013,48.5794052,0
                37.6429504,48.5766606,0
                37.6385158,48.5772284,0
                37.6343959,48.575733,0
                37.6290387,48.5788042,0
                37.6252049,48.5779335,0
                37.6194501,48.574539,0
              </coordinates>
            </LinearRing>
          </outerBoundaryIs>
        </Polygon>
      </Placemark>
      <Placemark>
        <name>Kozacha Lopan</name>
        <styleUrl>#poly-7CB342-1200-77-nodesc</styleUrl>
        <Polygon>
          <outerBoundaryIs>
            <LinearRing>
              <tessellate>1</tessellate>
              <coordinates>
                36.1769058,50.4017876,0
                36.1806824,50.3929605,0
                36.1849167,50.380702,0
                36.1805679,50.3704111,0
                36.1809113,50.3626002,0
                36.181369,50.3549341,0
                36.1747314,50.3464634,0
                36.1660625,50.3450758,0
                36.1642887,50.3411319,0
                36.1640026,50.3311977,0
                36.1645748,50.3217364,0
                36.170068,50.3188501,0
                36.1828281,50.3154521,0
                36.2065746,50.3173521,0
                36.214185,50.3204577,0
                36.2210514,50.3217729,0
                36.2279465,50.3287869,0
                36.2426521,50.3252069,0
                36.2464287,50.3307228,0
                36.2491753,50.3361285,0
                36.2523224,50.3365668,0
                36.2838509,50.3355807,0
                36.255584,50.3553722,0
                36.2419083,50.3582927,0
                36.232753,50.3643523,0
                36.2301209,50.3719439,0
                36.2206795,50.37802,0
                36.2102081,50.3864121,0
                36.2078621,50.3914101,0
                36.2025978,50.3960064,0
                36.1989929,50.4001646,0
                36.196933,50.4004199,0
                36.1939575,50.40228,0
                36.1929848,50.4036295,0
                36.1917259,50.4034836,0
                36.1846878,50.4064559,0
                36.1769058,50.4017876,0
              </coordinates>
            </LinearRing>
          </outerBoundaryIs>
        </Polygon>
      </Placemark>
      <Placemark>
        <name>Kupyansk</name>
        <styleUrl>#poly-7CB342-1200-77-nodesc</styleUrl>
        <Polygon>
          <outerBoundaryIs>
            <LinearRing>
              <tessellate>1</tessellate>
              <coordinates>
                37.5947439,49.7065943,0
                37.5934564,49.7122002,0
                37.5897657,49.7184713,0
                37.5924929,49.7258082,0
                37.5971988,49.7280757,0
                37.5996879,49.7302395,0
                37.5916902,49.7292389,0
                37.5823044,49.7255675,0
                37.5831027,49.7206658,0
                37.5920804,49.7018717,0
                37.5956281,49.6984483,0
                37.5967439,49.6964682,0
                37.5999482,49.6949506,0
                37.6034673,49.6961351,0
                37.6052983,49.6977081,0
                37.6104196,49.6985223,0
                37.6235087,49.6995487,0
                37.6095926,49.7012653,0
                37.603327,49.7004882,0
                37.5992929,49.7024866,0
                37.5978987,49.7037554,0
                37.5947439,49.7065943,0
              </coordinates>
            </LinearRing>
          </outerBoundaryIs>
        </Polygon>
      </Placemark>
      <Placemark>
        <name>Orikhuvatka</name>
        <styleUrl>#poly-7CB342-2171-92-nodesc</styleUrl>
        <Polygon>
          <outerBoundaryIs>
            <LinearRing>
              <tessellate>1</tessellate>
              <coordinates>
                37.8164772,48.8370069,0
                37.8136448,48.8455368,0
                37.8096966,48.8454803,0
                37.8011993,48.8464405,0
                37.8000418,48.8389198,0
                37.7931123,48.837193,0
                37.7832648,48.8377253,0
                37.7816045,48.8281582,0
                37.7884432,48.8206237,0
                37.7928492,48.8161025,0
                37.789416,48.8142562,0
                37.7819773,48.8141809,0
                37.774882,48.8164416,0
                37.7700754,48.8161779,0
                37.7669283,48.8146707,0
                37.7573153,48.8050238,0
                37.7648684,48.8006897,0
                37.7772631,48.7980857,0
                37.7820696,48.7963895,0
                37.7853884,48.788134,0
                37.7880205,48.7860982,0
                37.7942004,48.7856081,0
                37.7948237,48.7815122,0
                37.8005833,48.7825054,0
                37.7974397,48.7863925,0
                37.7999288,48.7895592,0
                37.8005296,48.7932912,0
                37.8022462,48.7984929,0
                37.8013021,48.7999064,0
                37.8013021,48.8028461,0
                37.804907,48.8041464,0
                37.8194553,48.8063793,0
                37.8193774,48.8070932,0
                37.8208715,48.8103644,0
                37.825163,48.8101666,0
                37.8257096,48.8131066,0
                37.8257096,48.8192105,0
                37.8276083,48.8211985,0
                37.8286151,48.8287263,0
                37.8251818,48.8338113,0
                37.8262118,48.8350542,0
                37.8258327,48.8379673,0
                37.8164772,48.8370069,0
              </coordinates>
            </LinearRing>
          </outerBoundaryIs>
        </Polygon>
      </Placemark>
      <Placemark>
        <name>Orikhiv</name>
        <styleUrl>#poly-7CB342-1200-77-nodesc</styleUrl>
        <Polygon>
          <outerBoundaryIs>
            <LinearRing>
              <tessellate>1</tessellate>
              <coordinates>
                35.8000442,47.5427662,0
                35.8013317,47.5430269,0
                35.8033058,47.5449389,0
                35.8039924,47.5484729,0
                35.8017179,47.5507902,0
                35.7978126,47.5524122,0
                35.8001301,47.5545555,0
                35.8032629,47.5555692,0
                35.8130047,47.5622012,0
                35.8093392,47.5639188,0
                35.8069074,47.5635906,0
                35.8031308,47.561911,0
                35.8006989,47.5609119,0
                35.7998549,47.5602555,0
                35.7992541,47.5592612,0
                35.7973802,47.5565389,0
                35.7966792,47.5556121,0
                35.7930815,47.5564761,0
                35.7917225,47.5548446,0
                35.7900486,47.5534166,0
                35.7879887,47.5502692,0
                35.7940683,47.5480967,0
                35.7929954,47.5461076,0
                35.7909498,47.544862,0
                35.7940111,47.5434908,0
                35.7936678,47.5426507,0
                35.7945118,47.541685,0
                35.8000442,47.5427662,0
              </coordinates>
            </LinearRing>
          </outerBoundaryIs>
        </Polygon>
      </Placemark>
      <Placemark>
        <name>Rubizhne</name>
        <styleUrl>#poly-7CB342-2270-94-nodesc</styleUrl>
        <Polygon>
          <outerBoundaryIs>
            <LinearRing>
              <tessellate>1</tessellate>
              <coordinates>
                37.1540637,48.4886504,0
                37.1627326,48.4906413,0
                37.1742339,48.4920634,0
                37.1774097,48.4906982,0
                37.1853919,48.4919496,0
                37.1862502,48.4934285,0
                37.1921725,48.4929735,0
                37.1957937,48.4917684,0
                37.1975104,48.491996,0
                37.2042052,48.4918253,0
                37.2060076,48.4905739,0
                37.2198263,48.4880141,0
                37.2223154,48.4779441,0
                37.2239462,48.4758958,0
                37.2273794,48.4764363,0
                37.2292677,48.4696364,0
                37.247378,48.4714289,0
                37.2677718,48.4710297,0
                37.2788235,48.4742055,0
                37.2821335,48.4747008,0
                37.2790114,48.4857065,0
                37.2857491,48.4867305,0
                37.2860495,48.4920208,0
                37.294418,48.4973106,0
                37.2882205,48.5024992,0
                37.2868758,48.5096264,0
                37.2824842,48.5100339,0
                37.2794086,48.5092663,0
                37.2738153,48.5079679,0
                37.2687083,48.5070297,0
                37.2640306,48.5030868,0
                37.259596,48.5027267,0
                37.2530156,48.5012101,0
                37.244404,48.5028404,0
                37.2433168,48.5010395,0
                37.2414857,48.4972479,0
                37.2346479,48.4956553,0
                37.221058,48.4984991,0
                37.2151929,48.4997125,0
                37.2182542,48.5065368,0
                37.2174817,48.5067832,0
                37.2150499,48.5078258,0
                37.2156793,48.5092663,0
                37.212103,48.5099297,0
                37.2125035,48.5122989,0
                37.2082692,48.5134929,0
                37.2039205,48.5126211,0
                37.1954232,48.51264,0
                37.1842939,48.5123178,0
                37.1788007,48.5110669,0
                37.1751386,48.5108016,0
                37.175253,48.5095506,0
                37.1713048,48.5088303,0
                37.1626073,48.5079964,0
                37.1626073,48.5061388,0
                37.1603185,48.5058734,0
                37.156299,48.5105268,0
                37.1491891,48.5108585,0
                37.1369831,48.5097664,0
                37.1365352,48.50657,0
                37.120189,48.5068857,0
                37.117715,48.4873834,0
                37.1204187,48.4871843,0
                37.1229507,48.487099,0
                37.1232511,48.4879523,0
                37.1261264,48.4878954,0
                37.1305038,48.4874403,0
                37.1308042,48.485307,0
                37.1371986,48.4848234,0
                37.1476093,48.4832233,0
                37.1508021,48.4859767,0
                37.1499438,48.4884228,0
                37.1540637,48.4886504,0
              </coordinates>
            </LinearRing>
          </outerBoundaryIs>
        </Polygon>
      </Placemark>
      <Placemark>
        <name>Stinky</name>
        <styleUrl>#poly-7CB342-2469-92-nodesc</styleUrl>
        <Polygon>
          <outerBoundaryIs>
            <LinearRing>
              <tessellate>1</tessellate>
              <coordinates>
                37.6903126,48.5799611,0
                37.6940042,48.5771671,0
                37.6983101,48.5749144,0
                37.7153961,48.56208,0
                37.7179281,48.5579331,0
                37.7207307,48.5553278,0
                37.722706,48.5568735,0
                37.7294881,48.5588737,0
                37.7341929,48.557402,0
                37.7368821,48.5548782,0
                37.7421462,48.5561038,0
                37.7465543,48.546988,0
                37.767641,48.5509489,0
                37.7694836,48.546996,0
                37.7709824,48.5416793,0
                37.7815803,48.544087,0
                37.7975611,48.5451628,0
                37.7967458,48.5497724,0
                37.7970379,48.5502932,0
                37.7976899,48.5508448,0
                37.8022172,48.5523968,0
                37.8006294,48.5547972,0
                37.7992776,48.5564163,0
                37.79887,48.5579644,0
                37.7962735,48.5579644,0
                37.7961448,48.5586176,0
                37.7967456,48.559981,0
                37.7916817,48.5618272,0
                37.7886348,48.565633,0
                37.7852697,48.5681316,0
                37.7832098,48.5681884,0
                37.7821463,48.5662846,0
                37.783119,48.5651297,0
                37.7844494,48.5633404,0
                37.7831905,48.5604813,0
                37.7766889,48.5570918,0
                37.770552,48.5573996,0
                37.7690499,48.5577309,0
                37.7670472,48.5578446,0
                37.7630418,48.5574848,0
                37.7608102,48.557712,0
                37.7587503,48.5588103,0
                37.755317,48.5591511,0
                37.7518552,48.5599275,0
                37.7486508,48.5612908,0
                37.7424567,48.5624079,0
                37.7415412,48.5638848,0
                37.7430719,48.5751397,0
                37.7375215,48.5779601,0
                37.7341168,48.5783766,0
                37.7317136,48.5770421,0
                37.7290242,48.5799192,0
                37.7245896,48.5805817,0
                37.7209275,48.5821337,0
                37.7183812,48.5838371,0
                37.7132886,48.5875465,0
                37.708711,48.5876411,0
                37.7038901,48.5897891,0
                37.6903126,48.5799611,0
              </coordinates>
            </LinearRing>
          </outerBoundaryIs>
        </Polygon>
      </Placemark>
      <Placemark>
        <name>Mala Tokmachka</name>
        <styleUrl>#poly-7CB342-1200-77-nodesc</styleUrl>
        <Polygon>
          <outerBoundaryIs>
            <LinearRing>
              <tessellate>1</tessellate>
              <coordinates>
                35.9318392,47.5010994,0
                35.9316155,47.5170415,0
                35.9313409,47.5192564,0
                35.9118117,47.5187148,0
                35.9113397,47.5244241,0
                35.9012546,47.5265976,0
                35.8903541,47.5271482,0
                35.8877362,47.5274669,0
                35.8879508,47.5320742,0
                35.896963,47.5446481,0
                35.8932831,47.5457693,0
                35.8921959,47.5447265,0
                35.8901932,47.5455762,0
                35.889106,47.5469666,0
                35.887561,47.547237,0
                35.8854439,47.5472756,0
                35.8816673,47.5500564,0
                35.8776619,47.5503267,0
                35.8751442,47.5499019,0
                35.8734276,47.5481253,0
                35.8709099,47.5465032,0
                35.8685639,47.5458466,0
                35.8657028,47.5471211,0
                35.860038,47.5455376,0
                35.8550026,47.550095,0
                35.8479073,47.5521032,0
                35.8415558,47.5538411,0
                35.8350899,47.5511378,0
                35.8289673,47.5504426,0
                35.8217003,47.5576641,0
                35.8200409,47.5583978,0
                35.8172104,47.5580599,0
                35.8159229,47.5539183,0
                35.8246776,47.5496605,0
                35.8323166,47.5476618,0
                35.8427452,47.5050192,0
                35.8719705,47.5007285,0
                35.9008177,47.4987707,0
                35.9161687,47.4994406,0
                35.915899,47.5010378,0
                35.9318392,47.5010994,0
              </coordinates>
            </LinearRing>
          </outerBoundaryIs>
        </Polygon>
      </Placemark>
      <Placemark>
        <name>Polygon 7</name>
        <styleUrl>#poly-7CB342-5052-77-nodesc</styleUrl>
        <Polygon>
          <outerBoundaryIs>
            <LinearRing>
              <tessellate>1</tessellate>
              <coordinates>
                35.7945118,47.541685,0
                35.7936678,47.5426507,0
                35.7940111,47.5434908,0
                35.7909498,47.544862,0
                35.7929954,47.5461076,0
                35.7940683,47.5480967,0
                35.7879887,47.5502692,0
                35.7900486,47.5534166,0
                35.7917225,47.5548446,0
                35.7930815,47.5564761,0
                35.7966792,47.5556121,0
                35.7973802,47.5565389,0
                35.7982509,47.557818,0
                35.7998549,47.5602555,0
                35.8006989,47.5609119,0
                35.8069074,47.5635906,0
                35.8093392,47.5639188,0
                35.8130047,47.5622012,0
                35.8147213,47.5624039,0
                35.8167383,47.5607822,0
                35.8160946,47.5597686,0
                35.8160087,47.5586681,0
                35.8172104,47.5580599,0
                35.8200409,47.5583978,0
                35.8217003,47.5576641,0
                35.8289673,47.5504426,0
                35.8350899,47.5511378,0
                35.8415558,47.5538411,0
                35.8481895,47.5604667,0
                35.8424071,47.5617444,0
                35.8430306,47.5646475,0
                35.8372387,47.5654731,0
                35.835611,47.5712947,0
                35.8294362,47.5729774,0
                35.8208611,47.5738525,0
                35.8153251,47.569611,0
                35.8069995,47.5671931,0
                35.8056834,47.5700886,0
                35.8044532,47.5711309,0
                35.8002761,47.5717486,0
                35.7979586,47.5720575,0
                35.7917788,47.5735244,0
                35.7893183,47.5714977,0
                35.7760718,47.5667877,0
                35.7735827,47.5641043,0
                35.7762149,47.5628012,0
                35.7710936,47.5556769,0
                35.7687762,47.5531861,0
                35.7726958,47.551931,0
                35.7762721,47.5469875,0
                35.7868006,47.5432409,0
                35.7926944,47.5412517,0
                35.7945118,47.541685,0
              </coordinates>
            </LinearRing>
          </outerBoundaryIs>
        </Polygon>
      </Placemark>
      <Placemark>
        <name>Myrne</name>
        <styleUrl>#poly-7CB342-1200-77-nodesc</styleUrl>
        <Polygon>
          <outerBoundaryIs>
            <LinearRing>
              <tessellate>1</tessellate>
              <coordinates>
                36.9932855,48.3153956,0
                36.9928343,48.3173806,0
                37.0058806,48.3144125,0
                37.0144636,48.3139558,0
                37.0026608,48.3629059,0
                36.9981976,48.3641224,0
                36.9925273,48.3590811,0
                36.9931568,48.3529974,0
                36.9944299,48.3494419,0
                36.993028,48.3488145,0
                36.9881071,48.3483011,0
                36.9771207,48.3475785,0
                36.9803251,48.3314515,0
                36.9783796,48.3258211,0
                36.979009,48.3172221,0
                36.9932855,48.3153956,0
              </coordinates>
            </LinearRing>
          </outerBoundaryIs>
        </Polygon>
      </Placemark>
    </Folder>
    <Folder>
      <name>Confirmed Ukrainian control </name>
      <Placemark>
        <name>Zaporozhye Front</name>
        <styleUrl>#poly-3949AB-2369-92-nodesc</styleUrl>
        <Polygon>
          <outerBoundaryIs>
            <LinearRing>
              <tessellate>1</tessellate>
              <coordinates>
                35.2943517,47.5888347,0
                35.3325281,47.5899608,0
                35.3344969,47.590155,0
                35.3348178,47.5908315,0
                35.3459535,47.5920867,0
                35.3510817,47.5919286,0
                35.3512745,47.5888184,0
                35.3605029,47.5888078,0
                35.3606207,47.5875716,0
                35.3732698,47.5875796,0
                35.3733017,47.5847349,0
                35.3825008,47.5849334,0
                35.391564,47.5852053,0
                35.3911179,47.5754978,0
                35.4117892,47.5737193,0
                35.4124504,47.5615312,0
                35.4342307,47.556245,0
                35.4606573,47.5618776,0
                35.4807676,47.5609378,0
                35.4866982,47.5565231,0
                35.5026182,47.5566732,0
                35.5269494,47.5563564,0
                35.5301269,47.5560924,0
                35.5393125,47.5571024,0
                35.5439316,47.5590501,0
                35.5513917,47.5601971,0
                35.5596081,47.5616106,0
                35.559542,47.5631108,0
                35.5576526,47.570909,0
                35.5670078,47.5714205,0
                35.5655489,47.5757538,0
                35.5894008,47.5802423,0
                35.6079337,47.5834077,0
                35.6151256,47.586055,0
                35.6253437,47.5910978,0
                35.6564228,47.6012791,0
                35.6629247,47.5952618,0
                35.6848978,47.5968258,0
                35.7042921,47.5927341,0
                35.7128704,47.5893587,0
                35.7128687,47.5499764,0
                35.7147569,47.53901,0
                35.7083194,47.5325395,0
                35.7108484,47.5294771,0
                35.7169181,47.5303214,0
                35.7199534,47.5328286,0
                35.7273946,47.5316401,0
                35.739298,47.5274372,0
                35.7572406,47.5346421,0
                35.7599226,47.5394245,0
                35.7587323,47.5435248,0
                35.7468977,47.5499423,0
                35.7559491,47.5561756,0
                35.7647663,47.5608345,0
                35.7698082,47.5651455,0
                35.7603204,47.5717408,0
                35.7717773,47.5814882,0
                35.7825498,47.5834767,0
                35.7863701,47.5828595,0
                35.7879587,47.5816633,0
                35.7934849,47.5782284,0
                35.7988393,47.5781512,0
                35.8031956,47.5763757,0
                35.8052796,47.5754083,0
                35.8093506,47.5788067,0
                35.8146234,47.5779202,0
                35.8164027,47.5803067,0
                35.8179793,47.5864207,0
                35.8296815,47.584139,0
                35.8379221,47.5820023,0
                35.8591196,47.5722216,0
                35.866814,47.5747208,0
                35.8737374,47.5754661,0
                35.8793738,47.5766189,0
                35.8776571,47.5682225,0
                35.9011747,47.5693806,0
                35.901518,47.5718129,0
                35.9023535,47.5779483,0
                35.8825879,47.5813038,0
                35.8851157,47.5969291,0
                35.8687848,47.5989533,0
                35.873054,47.6140563,0
                35.874827,47.6225941,0
                35.9231038,47.6194725,0
                35.9264053,47.6305303,0
                35.9261032,47.6373087,0
                35.9431665,47.6341375,0
                35.9594645,47.6362664,0
                35.9803528,47.6301504,0
                36.0219384,47.6322907,0
                36.0221307,47.6364391,0
                36.0216364,47.6405297,0
                36.032324,47.6416022,0
                36.0461414,47.6398098,0
                36.0487147,47.6400989,0
                36.0538611,47.6390572,0
                36.0508434,47.6535214,0
                36.048316,47.6665555,0
                36.0444156,47.669877,0
                36.0417172,47.6820402,0
                36.0457917,47.6835538,0
                36.043318,47.6913924,0
                36.0408795,47.698373,0
                36.0271114,47.7097421,0
                36.0170429,47.714979,0
                35.9975017,47.7254531,0
                35.9865884,47.7391308,0
                35.9810891,47.7459255,0
                35.9787656,47.7548545,0
                36.0085417,47.7582481,0
                36.0080672,47.7653687,0
                36.0757228,47.7727354,0
                36.11109,47.7762528,0
                36.1294648,47.7772842,0
                36.129045,47.7841682,0
                36.1288835,47.7901287,0
                36.1432605,47.7918077,0
                36.1618649,47.7936828,0
                36.1845018,47.8017181,0
                36.1927415,47.8144,0
                36.1954879,47.8199037,0
                36.1976339,47.8262721,0
                36.197473,47.8320704,0
                36.1976327,47.8324151,0
                36.1975779,47.833192,0
                36.1971052,47.8336201,0
                36.1968957,47.8337225,0
                36.195903,47.8339473,0
                36.1950494,47.8343718,0
                36.1942627,47.8351117,0
                36.1939455,47.8359291,0
                36.1938152,47.8372559,0
                36.1935575,47.8375601,0
                36.1930691,47.8378841,0
                36.1922846,47.837821,0
                36.1915,47.8378012,0
                36.1907108,47.837907,0
                36.1902702,47.837948,0
                36.1899738,47.8380155,0
                36.1895016,47.8385106,0
                36.189201,47.8416576,0
                36.1898281,47.8433306,0
                36.1920274,47.8452437,0
                36.19374,47.8480152,0
                36.1942833,47.8493827,0
                36.1946005,47.8496849,0
                36.1951561,47.8499368,0
                36.1954221,47.8501599,0
                36.1956187,47.8516734,0
                36.1964537,47.8534353,0
                36.1962176,47.8541083,0
                36.1965368,47.8558289,0
                36.1969043,47.856826,0
                36.1969365,47.858802,0
                36.1966843,47.859171,0
                36.1963356,47.8593456,0
                36.1956979,47.8593254,0
                36.1951644,47.8591569,0
                36.1945452,47.8588445,0
                36.1939993,47.8588041,0
                36.1936251,47.8589653,0
                36.1933797,47.859184,0
                36.1775495,47.857438,0
                36.1792661,47.8505267,0
                36.1013318,47.841771,0
                36.0996152,47.8489139,0
                36.0745527,47.8482227,0
                36.0697461,47.8655,0
                36.084509,47.8675729,0
                36.0872556,47.8606629,0
                36.1178113,47.864809,0
                36.1171247,47.8707972,0
                36.1305143,47.8931318,0
                36.1222745,47.8998072,0
                36.1284543,47.9025692,0
                36.1106016,47.9248901,0
                36.1212446,47.9285709,0
                36.1088849,47.9407619,0
                36.0848523,47.9308713,0
                36.0742093,47.965595,0
                36.0512067,47.9584682,0
                35.1252653,47.916147,0
                35.100031,47.8877217,0
                35.0778867,47.8636574,0
                35.0816647,47.8502948,0
                35.0895597,47.8380839,0
                35.1467229,47.8142271,0
                35.1577966,47.8055224,0
                35.1630308,47.7954336,0
                35.1561643,47.7677498,0
                35.1630308,47.7483623,0
                35.1630307,47.7279284,0
                35.1460332,47.7151664,0
                35.1396848,47.7003242,0
                35.1561704,47.6798758,0
                35.2076628,47.6787157,0
                35.2254634,47.6698648,0
                35.2306858,47.6684608,0
                35.2523824,47.64902,0
                35.26521,47.6302534,0
                35.2943517,47.5888347,0
              </coordinates>
            </LinearRing>
          </outerBoundaryIs>
        </Polygon>
      </Placemark>
      <Placemark>
        <name>Dnipropetrovsk Front</name>
        <styleUrl>#poly-3949AB-1200-84-nodesc</styleUrl>
        <Polygon>
          <outerBoundaryIs>
            <LinearRing>
              <tessellate>1</tessellate>
              <coordinates>
                36.1969365,47.858802,0
                36.1964537,47.8534353,0
                36.19374,47.8480152,0
                36.1920274,47.8452437,0
                36.1898281,47.8433306,0
                36.189201,47.8416576,0
                36.1895016,47.8385106,0
                36.1899738,47.8380155,0
                36.1902702,47.837948,0
                36.1915,47.8378012,0
                36.1930691,47.8378841,0
                36.1935575,47.8375601,0
                36.1938152,47.8372559,0
                36.1939455,47.8359291,0
                36.1942627,47.8351117,0
                36.1950494,47.8343718,0
                36.195903,47.8339473,0
                36.1968957,47.8337225,0
                36.1971052,47.8336201,0
                36.1975779,47.833192,0
                36.1976327,47.8324151,0
                36.197473,47.8320704,0
                36.2005178,47.8322966,0
                36.2065559,47.8323246,0
                36.2064948,47.8329386,0
                36.2031322,47.834676,0
                36.2034603,47.8370465,0
                36.203445,47.8422815,0
                36.2071497,47.8499387,0
                36.2032366,47.8610774,0
                36.196371,47.864349,0
                36.1915647,47.8678497,0
                36.1922503,47.8748509,0
                36.1884111,47.8756233,0
                36.1873183,47.8798498,0
                36.1797023,47.8805084,0
                36.1753781,47.878536,0
                36.1751029,47.8821551,0
                36.1787427,47.8825837,0
                36.18125,47.8854455,0
                36.1818771,47.8890387,0
                36.1853666,47.8915836,0
                36.1866246,47.8949341,0
                36.1877182,47.8968106,0
                36.1930485,47.8987395,0
                36.1937036,47.8994086,0
                36.1934145,47.9003653,0
                36.1930395,47.9014084,0
                36.1918063,47.9018185,0
                36.1903268,47.9008836,0
                36.1893623,47.901675,0
                36.1838712,47.9048688,0
                36.1809547,47.9055883,0
                36.1752505,47.903345,0
                36.1710058,47.9020796,0
                36.1665435,47.9026695,0
                36.163712,47.9021661,0
                36.1595942,47.900526,0
                36.1581798,47.901763,0
                36.1583522,47.9030432,0
                36.1576664,47.9052152,0
                36.1607624,47.9057056,0
                36.1619885,47.9074036,0
                36.1627733,47.9077923,0
                36.1641589,47.9077782,0
                36.1658061,47.9090443,0
                36.1677629,47.9096054,0
                36.1692563,47.9102886,0
                36.170578,47.910339,0
                36.1714018,47.9108281,0
                36.1714435,47.9136867,0
                36.1738034,47.9135483,0
                36.1746829,47.9115519,0
                36.1780513,47.9106485,0
                36.1794223,47.9113604,0
                36.1802762,47.9125542,0
                36.1799672,47.9140501,0
                36.1815293,47.9162651,0
                36.1819756,47.9176746,0
                36.1797935,47.9199471,0
                36.1780587,47.9200479,0
                36.177268,47.9191134,0
                36.1761652,47.9187689,0
                36.1759146,47.9197683,0
                36.176694,47.9209404,0
                36.1773946,47.9238021,0
                36.1764783,47.924924,0
                36.1748008,47.9252333,0
                36.1731233,47.9239321,0
                36.1720858,47.924033,0
                36.172328,47.9260177,0
                36.1828572,47.9334514,0
                36.1865781,47.9389514,0
                36.185263,47.9437716,0
                36.1762214,47.9554906,0
                36.1814974,47.9545424,0
                36.1840269,47.9554333,0
                36.1898132,47.954287,0
                36.1921662,47.9545775,0
                36.1956348,47.952396,0
                36.1998761,47.9517659,0
                36.204768,47.9530306,0
                36.2092312,47.9525707,0
                36.2129218,47.955215,0
                36.213052,47.9563636,0
                36.2136772,47.9595825,0
                36.2175362,47.9602712,0
                36.2189921,47.9622818,0
                36.2204015,47.9662022,0
                36.2260173,47.972766,0
                36.2283704,47.9743867,0
                36.236217,47.9778461,0
                36.2456931,47.9825366,0
                36.2486844,47.985203,0
                36.2547323,47.9867744,0
                36.2580139,47.9871003,0
                36.2601697,47.9878952,0
                36.2619823,47.9881156,0
                36.265457,47.9880249,0
                36.2680734,47.9872447,0
                36.2765672,47.9845351,0
                36.283496,47.983908,0
                36.2850721,47.983939,0
                36.2864766,47.9846595,0
                36.2917871,47.9817026,0
                36.2949998,47.9770641,0
                36.3002965,47.9738542,0
                36.302417,47.9704718,0
                36.3052359,47.9715944,0
                36.3077116,47.9714527,0
                36.309229,47.9638143,0
                36.3086864,47.9570953,0
                36.308659,47.9523312,0
                36.305351,47.9494649,0
                36.3044464,47.9477484,0
                36.3016074,47.9468448,0
                36.3008285,47.9423768,0
                36.3027961,47.9408985,0
                36.3138518,47.9402003,0
                36.3222961,47.9431846,0
                36.3297793,47.9444452,0
                36.3372966,47.9277087,0
                36.3743251,47.9107379,0
                36.4121541,47.9129655,0
                36.42438,47.9132725,0
                36.4371053,47.9146032,0
                36.4548278,47.9155256,0
                36.4666712,47.9163905,0
                36.4840946,47.916822,0
                36.4977431,47.9175965,0
                36.5098441,47.9179981,0
                36.5081711,47.9259638,0
                36.5064121,47.9295601,0
                36.509716,47.929904,0
                36.5096517,47.9316287,0
                36.5067871,47.937034,0
                36.5021789,47.9371495,0
                36.5040946,47.9514094,0
                36.509502,47.952502,0
                36.514609,47.9509211,0
                36.5189649,47.9501306,0
                36.5238357,47.9510644,0
                36.5289852,47.9531339,0
                36.5301868,47.9542691,0
                36.5310452,47.9558642,0
                36.5305304,47.9592844,0
                36.5306378,47.9615256,0
                36.5292002,47.965606,0
                36.5272689,47.9692265,0
                36.5272474,47.9719849,0
                36.5291143,47.9743986,0
                36.529436,47.9760363,0
                36.531571,47.9767115,0
                36.5341835,47.9767905,0
                36.5357044,47.9763703,0
                36.5389419,47.9779036,0
                36.5422576,47.9779903,0
                36.5450584,47.977962,0
                36.5482566,47.9786521,0
                36.5531604,47.9762393,0
                36.5572428,47.9754924,0
                36.5635565,47.9733663,0
                36.5643393,47.9716424,0
                36.5637865,47.9706656,0
                36.5641109,47.9693726,0
                36.5658086,47.9688842,0
                36.5686729,47.9696634,0
                36.570679,47.9706725,0
                36.571773,47.9723458,0
                36.5722448,47.9751178,0
                36.5721584,47.977329,0
                36.5794124,47.9755773,0
                36.5903345,47.9737242,0
                36.6038298,47.9754903,0
                36.6101813,47.9781334,0
                36.6089797,47.9840511,0
                36.6064048,47.993472,0
                36.6082079,47.9994125,0
                36.6126288,48.0013499,0
                36.6029716,48.0344098,0
                36.6103487,48.0373367,0
                36.6082884,48.0464031,0
                36.614425,48.0482825,0
                36.6143821,48.0510799,0
                36.6266568,48.053002,0
                36.6336989,48.0595995,0
                36.6375613,48.0599437,0
                36.6359717,48.0682586,0
                36.6446185,48.0690902,0
                36.6516036,48.0693338,0
                36.6570711,48.0735851,0
                36.6596337,48.0746214,0
                36.6537054,48.0803582,0
                36.6523478,48.0823473,0
                36.6521488,48.0836196,0
                36.6517939,48.0862504,0
                36.652028,48.0876416,0
                36.6488051,48.0926315,0
                36.6673446,48.094466,0
                36.6821074,48.0997397,0
                36.7035573,48.1038678,0
                36.7375541,48.1338916,0
                36.7503421,48.1422612,0
                36.7683261,48.1420907,0
                36.8021226,48.1304326,0
                36.805801,48.1306729,0
                36.8177199,48.1357246,0
                36.8273317,48.1437914,0
                36.8408942,48.15073,0
                36.8407983,48.1656663,0
                36.8381779,48.167069,0
                36.8366957,48.1717778,0
                36.8524347,48.1744765,0
                36.8555973,48.1787003,0
                36.8519436,48.1813843,0
                36.8541511,48.1847867,0
                36.8510393,48.2058438,0
                36.8482857,48.2192567,0
                36.8444194,48.2280776,0
                36.8429375,48.2309399,0
                36.8424855,48.234488,0
                36.8463016,48.2430136,0
                36.8564248,48.2457863,0
                36.8535044,48.2591741,0
                36.8633642,48.2648317,0
                36.868589,48.2719741,0
                36.8804119,48.2759749,0
                36.8855183,48.2799773,0
                36.9062038,48.2728797,0
                36.919558,48.2741711,0
                36.9188136,48.2776954,0
                36.9180353,48.2820153,0
                36.917772,48.2837935,0
                36.9174442,48.2848294,0
                36.9158287,48.2935468,0
                36.9147098,48.2998005,0
                36.9145529,48.3001457,0
                36.9144603,48.3006907,0
                36.9145326,48.3008672,0
                36.9135399,48.304389,0
                36.9145232,48.3051439,0
                36.9141351,48.305607,0
                36.9139187,48.30607,0
                36.9144692,48.3063809,0
                36.9144544,48.3072595,0
                36.9124076,48.3085315,0
                36.9124341,48.3093058,0
                36.8753982,48.305909,0
                36.8719649,48.3168692,0
                36.8163466,48.3127594,0
                36.8084502,48.3483667,0
                36.8177199,48.3495076,0
                36.8136001,48.3677577,0
                36.8218398,48.3647925,0
                36.8283629,48.3704946,0
                36.8221831,48.4067454,0
                36.8506789,48.4170003,0
                36.8451858,48.4425148,0
                36.8362594,48.4427425,0
                36.8307662,48.484176,0
                36.8554854,48.4869067,0
                36.8503356,48.5160249,0
                36.9062972,48.5210279,0
                36.8994307,48.5437626,0
                36.8850112,48.5414896,0
                36.8826079,48.5496719,0
                36.8705916,48.5501265,0
                36.859262,48.568759,0
                36.8256164,48.5664871,0
                36.8232131,48.5701221,0
                36.8094802,48.5683046,0
                36.8053603,48.5969219,0
                36.7799544,48.597376,0
                36.7761779,48.6007817,0
                36.7442489,48.5962407,0
                36.0322526,48.2859736,0
                36.0742093,47.965595,0
                36.0848523,47.9308713,0
                36.1088849,47.9407619,0
                36.1212446,47.9285709,0
                36.1106016,47.9248901,0
                36.1284543,47.9025692,0
                36.1222745,47.8998072,0
                36.1305143,47.8931318,0
                36.1171247,47.8707972,0
                36.1178113,47.864809,0
                36.0872556,47.8606629,0
                36.084509,47.8675729,0
                36.0697461,47.8655,0
                36.0745527,47.8482227,0
                36.0996152,47.8489139,0
                36.1013318,47.841771,0
                36.1792661,47.8505267,0
                36.1775495,47.857438,0
                36.1933797,47.859184,0
                36.1939993,47.8588041,0
                36.1945452,47.8588445,0
                36.1951644,47.8591569,0
                36.1956979,47.8593254,0
                36.1963356,47.8593456,0
                36.1969794,47.8590738,0
                36.1969365,47.858802,0
              </coordinates>
            </LinearRing>
          </outerBoundaryIs>
        </Polygon>
      </Placemark>
      <Placemark>
        <name>Donetsk Front</name>
        <styleUrl>#poly-3949AB-1200-74-nodesc</styleUrl>
        <Polygon>
          <outerBoundaryIs>
            <LinearRing>
              <tessellate>1</tessellate>
              <coordinates>
                36.9328233,48.2820761,0
                36.9305882,48.2937629,0
                36.9301166,48.2991987,0
                36.9291085,48.302773,0
                36.9279291,48.3062327,0
                36.9348428,48.3107862,0
                36.9449991,48.3126034,0
                36.947549,48.3218441,0
                36.9450086,48.3361907,0
                36.9618853,48.3341576,0
                36.9578175,48.3617852,0
                36.9663415,48.3630367,0
                36.9755231,48.3639516,0
                36.9814408,48.3650346,0
                36.9792943,48.3688278,0
                36.9788646,48.3711949,0
                36.9771491,48.3827959,0
                36.993653,48.3841701,0
                37.0076776,48.3844375,0
                37.0194537,48.3857391,0
                37.0192474,48.3887553,0
                37.0264229,48.3899462,0
                37.0244503,48.3980203,0
                37.0220455,48.3980391,0
                37.0186084,48.4100937,0
                37.0178337,48.4105638,0
                37.0049651,48.4128536,0
                37.0082287,48.4212831,0
                37.0096228,48.4240029,0
                37.0104006,48.4242417,0
                37.0226796,48.4228852,0
                37.0203252,48.4431698,0
                37.053677,48.4432935,0
                37.074005,48.4434373,0
                37.0760358,48.444637,0
                37.0772078,48.4487756,0
                37.0762047,48.4499361,0
                37.0762046,48.4521563,0
                37.0783052,48.4600887,0
                37.0774825,48.4663253,0
                37.0759734,48.4751221,0
                37.0746366,48.4806748,0
                37.0734534,48.4893676,0
                37.0819608,48.4959597,0
                37.0832568,48.5034047,0
                37.0770282,48.515357,0
                37.0733138,48.5298578,0
                37.0869088,48.5354576,0
                37.1113753,48.5364135,0
                37.1380733,48.5249212,0
                37.1513827,48.5249555,0
                37.1631495,48.5330383,0
                37.1788387,48.5446423,0
                37.1882005,48.548131,0
                37.1979543,48.5489696,0
                37.2090246,48.554086,0
                37.2206967,48.5582362,0
                37.22544,48.5636205,0
                37.2392597,48.5713415,0
                37.248472,48.5788394,0
                37.2674659,48.5840381,0
                37.2862741,48.5925872,0
                37.3039826,48.5937762,0
                37.3199319,48.5925812,0
                37.3315938,48.5932043,0
                37.3481044,48.5940684,0
                37.3674359,48.5931937,0
                37.3862863,48.5935478,0
                37.4057419,48.5907437,0
                37.4061014,48.5887495,0
                37.4118674,48.5940792,0
                37.4111254,48.5965062,0
                37.417298,48.5972459,0
                37.4272741,48.6024835,0
                37.4362207,48.5992063,0
                37.446834,48.6013425,0
                37.458148,48.5952008,0
                37.4601127,48.5924137,0
                37.462983,48.5876706,0
                37.4716883,48.5796342,0
                37.4792933,48.5748709,0
                37.4833785,48.5712994,0
                37.4891346,48.5653122,0
                37.4915807,48.5604445,0
                37.4905722,48.55767,0
                37.4952294,48.5528505,0
                37.5020979,48.550105,0
                37.5101291,48.5455518,0
                37.5144298,48.5482911,0
                37.5202667,48.5446428,0
                37.5391487,48.5573585,0
                37.5496186,48.5638201,0
                37.5601924,48.5710008,0
                37.5557252,48.5745755,0
                37.5616437,48.5787748,0
                37.5688417,48.5832464,0
                37.5753593,48.5876391,0
                37.5853989,48.5839021,0
                37.5949898,48.5820592,0
                37.6010616,48.5818063,0
                37.6016788,48.5832347,0
                37.6050809,48.5878124,0
                37.6090546,48.5887347,0
                37.6127453,48.5904379,0
                37.6170369,48.5917436,0
                37.6147458,48.5957698,0
                37.6107976,48.5996864,0
                37.6049479,48.6053006,0
                37.6044332,48.6135501,0
                37.6066253,48.6146762,0
                37.6288798,48.6289124,0
                37.6381665,48.6355187,0
                37.6628992,48.618524,0
                37.6620873,48.6139014,0
                37.6670018,48.6112499,0
                37.6757238,48.6080509,0
                37.6844614,48.6107638,0
                37.6890868,48.6086583,0
                37.6935458,48.6099886,0
                37.6991228,48.6082131,0
                37.7103636,48.6038263,0
                37.718775,48.6055857,0
                37.7402348,48.6010369,0
                37.7459424,48.604468,0
                37.7490002,48.6046598,0
                37.7511998,48.605192,0
                37.756635,48.6060246,0
                37.7527992,48.6242236,0
                37.7546272,48.6268764,0
                37.7422925,48.6422358,0
                37.7565681,48.6569633,0
                37.755817,48.6617224,0
                37.7623082,48.6662574,0
                37.763153,48.6832616,0
                37.753151,48.6840004,0
                37.7220349,48.686383,0
                37.7215214,48.6915523,0
                37.7053169,48.6943336,0
                37.7061366,48.7113285,0
                37.6982876,48.7209002,0
                37.70533,48.7248934,0
                37.7078213,48.7301737,0
                37.716427,48.7347816,0
                37.7440742,48.7380159,0
                37.7428382,48.7421515,0
                37.7372498,48.7444725,0
                37.7295197,48.7463721,0
                37.7356936,48.7529687,0
                37.7348742,48.7566494,0
                37.7422947,48.7640074,0
                37.7467351,48.7640374,0
                37.7578703,48.766387,0
                37.7615376,48.7685672,0
                37.7602821,48.7736175,0
                37.7608564,48.7761712,0
                37.7658346,48.779678,0
                37.7673372,48.7837762,0
                37.7647486,48.7861602,0
                37.7613311,48.7881854,0
                37.750704,48.7916805,0
                37.7422262,48.7944185,0
                37.739185,48.7991874,0
                37.7328821,48.8090435,0
                37.734607,48.8136427,0
                37.7336694,48.8180607,0
                37.7429006,48.8172196,0
                37.7496989,48.8230986,0
                37.7491156,48.8255861,0
                37.7475005,48.8289515,0
                37.7539041,48.8447003,0
                37.7493814,48.8530963,0
                37.7544305,48.8538311,0
                37.7582786,48.8542281,0
                37.7595373,48.8601031,0
                37.7547243,48.8607842,0
                37.7524859,48.8641755,0
                37.7543604,48.8688126,0
                37.7593115,48.8731182,0
                37.7662135,48.8812069,0
                37.770096,48.8810695,0
                37.7720912,48.8820621,0
                37.7741251,48.8827987,0
                37.7757803,48.8833368,0
                37.7773817,48.883611,0
                37.7775292,48.8848446,0
                37.781527,48.8878933,0
                37.7896456,48.8920705,0
                37.7894052,48.9092276,0
                37.7908388,48.9190547,0
                37.7919,48.9239691,0
                37.7875587,48.9398257,0
                37.786254,48.9556969,0
                37.7861169,48.962674,0
                37.7921602,48.9653682,0
                37.7707956,48.9797304,0
                37.7870103,48.9901557,0
                37.7829859,48.9898177,0
                37.7782747,48.9924082,0
                37.777893,48.9968861,0
                37.7819753,49.0035037,0
                37.771808,49.0080405,0
                37.7720406,49.0172322,0
                37.7805647,49.0176635,0
                37.7786477,49.0230591,0
                37.7764506,49.0269404,0
                37.7773432,49.0323975,0
                37.773082,49.0309891,0
                37.7618537,49.0230802,0
                37.7550403,49.0299291,0
                37.7518024,49.0278377,0
                37.7369082,49.0251573,0
                37.7220132,49.0305792,0
                37.7176273,49.0348939,0
                37.7136603,49.039246,0
                37.7064104,49.0427723,0
                37.6912233,49.0399187,0
                37.6785251,49.0360993,0
                37.6690867,49.031261,0
                37.6623082,49.0298529,0
                37.6565154,49.0327494,0
                37.6361844,49.0369067,0
                37.6275252,49.0372359,0
                37.6255976,49.0390318,0
                37.6246999,49.0424031,0
                37.6196818,49.0448742,0
                37.6142538,49.0442533,0
                37.6050493,49.0449823,0
                37.6040182,49.0569611,0
                37.6022169,49.0615874,0
                37.5908016,49.0644137,0
                37.593033,49.0761401,0
                37.5933764,49.0935665,0
                37.5932018,49.1128391,0
                37.6136324,49.1222222,0
                37.6053926,49.1366001,0
                37.6204988,49.1469316,0
                37.6223785,49.1465408,0
                37.6298416,49.1479171,0
                37.6819536,49.1746589,0
                37.6970491,49.1982788,0
                37.7054712,49.2128005,0
                37.7095941,49.2203179,0
                37.7095298,49.2204019,0
                37.6839978,49.2237093,0
                37.6528395,49.2281027,0
                37.6150194,49.2335422,0
                37.6009468,49.2305717,0
                37.5996828,49.2304033,0
                37.5988481,49.2301788,0
                37.5800618,49.231301,0
                37.5788226,49.2307402,0
                37.5723665,49.230852,0
                37.5655672,49.2300668,0
                37.5464913,49.2131369,0
                37.5131515,49.1983326,0
                37.5041952,49.1906969,0
                37.5027301,49.1863745,0
                37.5011365,49.183202,0
                37.5001219,49.183233,0
                37.4994078,49.1829694,0
                37.4990585,49.1825725,0
                37.4990443,49.1822862,0
                37.4990945,49.182028,0
                37.4992593,49.181778,0
                37.4999498,49.1815631,0
                37.5003399,49.1813482,0
                37.5006162,49.1808408,0
                37.5018126,49.1801627,0
                37.5033307,49.1797194,0
                37.5044626,49.1797564,0
                37.5060464,49.179966,0
                37.5071475,49.1801055,0
                37.5104493,49.1800898,0
                37.5123812,49.1796075,0
                37.5138796,49.1791411,0
                37.5144338,49.1789937,0
                37.5159558,49.178364,0
                37.516869,49.1782619,0
                37.5207861,49.1769395,0
                37.5225154,49.1766791,0
                37.523327,49.1767868,0
                37.524162,49.1767145,0
                37.5259421,49.1762434,0
                37.5272715,49.1757724,0
                37.5281601,49.1755386,0
                37.5293983,49.1751167,0
                37.5299713,49.1749963,0
                37.5308687,49.174641,0
                37.5323982,49.1736409,0
                37.5389721,49.1712394,0
                37.5399602,49.1704472,0
                37.5406934,49.1700653,0
                37.5408934,49.1702107,0
                37.5451429,49.1684059,0
                37.5541929,49.1655133,0
                37.5563909,49.1629114,0
                37.5585062,49.1570965,0
                37.560192,49.1535829,0
                37.563628,49.1484709,0
                37.5642917,49.1467964,0
                37.5638878,49.1455587,0
                37.5633054,49.1444626,0
                37.5620457,49.1442472,0
                37.5584805,49.1450836,0
                37.5556229,49.1466758,0
                37.5534174,49.14695,0
                37.5511903,49.1485173,0
                37.5493249,49.1474882,0
                37.5471366,49.1468801,0
                37.5444226,49.1459648,0
                37.5427386,49.1459654,0
                37.5411537,49.145642,0
                37.541626,49.1454502,0
                37.5439364,49.1439458,0
                37.5456244,49.1432835,0
                37.5466005,49.1433503,0
                37.5476463,49.1435223,0
                37.548302,49.1434548,0
                37.548904,49.1430924,0
                37.5492915,49.1426178,0
                37.549703,49.1418871,0
                37.5527059,49.1410941,0
                37.5528652,49.1410279,0
                37.5530575,49.140986,0
                37.5545131,49.1405116,0
                37.555545,49.140108,0
                37.5567842,49.1383046,0
                37.5572542,49.1380699,0
                37.5599155,49.1373175,0
                37.5600828,49.1371674,0
                37.5595325,49.1363759,0
                37.5632381,49.136137,0
                37.5613098,49.1345511,0
                37.5626203,49.1334353,0
                37.5641274,49.134253,0
                37.5645101,49.1343354,0
                37.565499,49.1346565,0
                37.5663701,49.1347649,0
                37.5683698,49.1361558,0
                37.5709253,49.1349549,0
                37.5714826,49.1361354,0
                37.5753427,49.1337816,0
                37.5756917,49.1338154,0
                37.5762699,49.1330033,0
                37.5797046,49.13005,0
                37.580763,49.1296148,0
                37.5819222,49.1287778,0
                37.5834003,49.1276256,0
                37.583607,49.1274984,0
                37.5847178,49.1267876,0
                37.5859144,49.1261892,0
                37.5827552,49.1253094,0
                37.5798965,49.1243031,0
                37.5706249,49.1209901,0
                37.5670187,49.1195305,0
                37.546117,49.1118362,0
                37.5432958,49.1114641,0
                37.5319347,49.1093498,0
                37.5298979,49.1092787,0
                37.4984475,49.1040193,0
                37.4780814,49.0608458,0
                37.3822486,49.0491331,0
                37.3705598,48.9951117,0
                37.3392536,48.9977517,0
                37.2969784,48.9715437,0
                37.3250502,48.9299401,0
                37.2752451,48.9186109,0
                37.2337004,48.9072636,0
                37.1918544,48.8809382,0
                37.1892854,48.7992004,0
                36.8954012,48.5852634,0
                36.8591762,48.568759,0
                36.8705058,48.5501265,0
                36.8825221,48.5496719,0
                36.8849254,48.5414896,0
                36.8993449,48.5437626,0
                36.9062114,48.5210279,0
                36.8502498,48.5160249,0
                36.8553996,48.4869067,0
                36.8306804,48.484176,0
                36.8361736,48.4427425,0
                36.8451,48.4425148,0
                36.8505931,48.4170003,0
                36.8220973,48.4067454,0
                36.8282771,48.3704946,0
                36.821754,48.3647925,0
                36.8135143,48.3677577,0
                36.8176341,48.3495076,0
                36.8083644,48.3483667,0
                36.8162608,48.3127594,0
                36.8718791,48.3168692,0
                36.8753124,48.305909,0
                36.9123483,48.3093058,0
                36.9123218,48.3085315,0
                36.9143686,48.3072595,0
                36.9143834,48.3063809,0
                36.9138329,48.30607,0
                36.9140493,48.305607,0
                36.9144374,48.3051439,0
                36.9134541,48.304389,0
                36.9144468,48.3008672,0
                36.9143745,48.3006907,0
                36.9144671,48.3001457,0
                36.914624,48.2998005,0
                36.9157429,48.2935468,0
                36.9173584,48.2848294,0
                36.9179495,48.2820153,0
                36.9187278,48.2776954,0
                36.9194722,48.2741711,0
                36.9345562,48.2787528,0
                36.9328233,48.2820761,0
              </coordinates>
            </LinearRing>
          </outerBoundaryIs>
        </Polygon>
      </Placemark>
      <Placemark>
        <name>Kharkiv Front</name>
        <styleUrl>#poly-3949AB-2171-87-nodesc</styleUrl>
        <Polygon>
          <outerBoundaryIs>
            <LinearRing>
              <tessellate>1</tessellate>
              <coordinates>
                36.3060201,50.2743597,0
                36.3053456,50.2674689,0
                36.303631,50.2623448,0
                36.2971959,50.2603477,0
                36.2772416,50.2644131,0
                36.2358489,50.2683112,0
                36.2224359,50.2742933,0
                36.2132828,50.2806253,0
                36.1904548,50.2828095,0
                36.1806677,50.2961793,0
                36.1104813,50.3319389,0
                36.1345366,50.3952856,0
                36.0152257,50.4271604,0
                35.8670517,50.4058265,0
                35.761848,50.3268927,0
                35.9527409,49.8085727,0
                36.1038029,49.582943,0
                36.7437566,49.0925792,0
                37.1919402,48.8809382,0
                37.2337862,48.9072636,0
                37.325136,48.9299401,0
                37.2970642,48.9715437,0
                37.3393394,48.9977517,0
                37.3706456,48.9951117,0
                37.3823344,49.0491331,0
                37.4781672,49.0608458,0
                37.4985333,49.1040211,0
                37.5462028,49.111838,0
                37.5707107,49.1209919,0
                37.5799823,49.1243049,0
                37.582841,49.1253112,0
                37.5860002,49.126191,0
                37.5715684,49.1361372,0
                37.5710111,49.1349567,0
                37.5684556,49.1361576,0
                37.5664559,49.1347667,0
                37.5655848,49.1346583,0
                37.5645959,49.1343372,0
                37.5642132,49.1342548,0
                37.5627061,49.1334371,0
                37.5613956,49.1345529,0
                37.5633239,49.1361388,0
                37.5596183,49.1363777,0
                37.5601686,49.1371692,0
                37.5600013,49.1373193,0
                37.55734,49.1380717,0
                37.55687,49.1383064,0
                37.5556308,49.1401098,0
                37.5497888,49.1418889,0
                37.5489898,49.1430942,0
                37.5483878,49.1434566,0
                37.5477321,49.1435241,0
                37.5457102,49.1432853,0
                37.5440222,49.1439476,0
                37.5412395,49.1456438,0
                37.5428244,49.1459672,0
                37.5445084,49.1459666,0
                37.5472224,49.1468819,0
                37.5494107,49.14749,0
                37.5512761,49.1485191,0
                37.5535032,49.1469518,0
                37.5557087,49.1466776,0
                37.5585663,49.1450854,0
                37.5621315,49.144249,0
                37.5633912,49.1444644,0
                37.5639736,49.1455605,0
                37.5643775,49.1467982,0
                37.5637138,49.1484727,0
                37.5602778,49.1535847,0
                37.558592,49.1570983,0
                37.5564767,49.1629132,0
                37.5542787,49.1655151,0
                37.5242478,49.1767163,0
                37.5226012,49.1766791,0
                37.5208719,49.1769413,0
                37.5169548,49.1782619,0
                37.5160416,49.178364,0
                37.5145196,49.1789937,0
                37.5139654,49.1791411,0
                37.512467,49.1796075,0
                37.5105351,49.1800898,0
                37.5072333,49.1801073,0
                37.5045484,49.1797564,0
                37.5034165,49.1797212,0
                37.5018984,49.1801645,0
                37.500702,49.1808426,0
                37.5004257,49.1813482,0
                37.5000356,49.1815649,0
                37.4993451,49.1817798,0
                37.4991803,49.1820298,0
                37.4991443,49.1825743,0
                37.4994936,49.1829712,0
                37.5002077,49.1832348,0
                37.5012223,49.1832038,0
                37.5028159,49.1863763,0
                37.504281,49.1906987,0
                37.5132373,49.1983344,0
                37.5465771,49.2131387,0
                37.565653,49.2300686,0
                37.5724523,49.2308538,0
                37.5789084,49.230742,0
                37.5801476,49.2313028,0
                37.5989339,49.2301806,0
                37.5997686,49.2304051,0
                37.6151052,49.233544,0
                37.6529253,49.2281045,0
                37.6840836,49.2237111,0
                37.7096799,49.2203197,0
                37.7267643,49.2164565,0
                37.749081,49.2121974,0
                37.7589952,49.2101046,0
                37.7685872,49.208552,0
                37.775186,49.2065968,0
                37.7979691,49.2016929,0
                37.8138936,49.2084514,0
                37.8171276,49.2195201,0
                37.8230405,49.2294316,0
                37.8375033,49.2262081,0
                37.846458,49.2371485,0
                37.8499107,49.2422865,0
                37.8605652,49.2412712,0
                37.8599318,49.2450497,0
                37.8664815,49.2461704,0
                37.8746485,49.2477887,0
                37.8757495,49.2476171,0
                37.8827301,49.2490702,0
                37.8910643,49.2525104,0
                37.8952341,49.2533919,0
                37.899765,49.2552908,0
                37.9033637,49.2592092,0
                37.8996121,49.2635045,0
                37.8976012,49.2660722,0
                37.8921569,49.2714401,0
                37.8915185,49.2741197,0
                37.9062014,49.2874898,0
                37.9138897,49.291684,0
                37.9069866,49.3004681,0
                37.9112034,49.3054978,0
                37.8944017,49.3141004,0
                37.9009374,49.3170545,0
                37.8994829,49.3206021,0
                37.9030434,49.324727,0
                37.8995118,49.3256467,0
                37.8964585,49.3253793,0
                37.895125,49.3255112,0
                37.8945639,49.3259229,0
                37.8944275,49.326998,0
                37.8958613,49.3342758,0
                37.8992179,49.3344048,0
                37.903862,49.3342541,0
                37.9005301,49.3381695,0
                37.9015027,49.341288,0
                37.8898009,49.3424003,0
                37.8882522,49.3426509,0
                37.8870057,49.3451249,0
                37.8855873,49.3500592,0
                37.886094,49.3535244,0
                37.8876733,49.3602752,0
                37.8894246,49.3660756,0
                37.8613171,49.3680975,0
                37.8591291,49.3706763,0
                37.8590436,49.3732069,0
                37.8402438,49.3724612,0
                37.8299862,49.37242,0
                37.8294923,49.3651316,0
                37.8028114,49.3633823,0
                37.8029073,49.3737046,0
                37.7925702,49.3753441,0
                37.7784549,49.3803353,0
                37.7771089,49.3838894,0
                37.7481079,49.3828159,0
                37.724684,49.3776284,0
                37.7163041,49.3803143,0
                37.7158201,49.3819941,0
                37.7095734,49.3822803,0
                37.7098282,49.3799396,0
                37.6927457,49.3792187,0
                37.6931611,49.3917587,0
                37.6873792,49.3973389,0
                37.6661097,49.4013396,0
                37.6692058,49.4105162,0
                37.6653505,49.4190226,0
                37.6738882,49.4383274,0
                37.674039,49.4526744,0
                37.6809786,49.4617493,0
                37.6856511,49.4590379,0
                37.6939977,49.4634835,0
                37.6929092,49.4656,0
                37.7014344,49.4715095,0
                37.7020629,49.4846709,0
                37.7137031,49.4876855,0
                37.7193531,49.4995644,0
                37.711875,49.5050599,0
                37.6962883,49.5084758,0
                37.6848822,49.5109603,0
                37.6830876,49.5192401,0
                37.6893491,49.5223021,0
                37.6907668,49.5409943,0
                37.69422,49.5514552,0
                37.6861565,49.5570233,0
                37.676718,49.5610318,0
                37.6701935,49.5707189,0
                37.6605801,49.576814,0
                37.6585181,49.5849124,0
                37.6619484,49.5885592,0
                37.6593721,49.5908279,0
                37.6581688,49.5962122,0
                37.6605346,49.5978676,0
                37.6608406,49.6024156,0
                37.658706,49.6030563,0
                37.6564966,49.6007773,0
                37.6561644,49.6043104,0
                37.6523988,49.6045059,0
                37.6510474,49.602227,0
                37.6443963,49.6060128,0
                37.6408347,49.6055711,0
                37.6342254,49.6114734,0
                37.6303615,49.617153,0
                37.63036,49.6200518,0
                37.6327619,49.6222833,0
                37.6303558,49.6242999,0
                37.6343011,49.625261,0
                37.640993,49.6246651,0
                37.644424,49.6267379,0
                37.6413319,49.6350376,0
                37.6334093,49.6458405,0
                37.6252985,49.6570923,0
                37.6264712,49.6642339,0
                37.6242106,49.6700422,0
                37.6265562,49.6745483,0
                37.6216329,49.6862275,0
                37.605562,49.6878057,0
                37.5964066,49.688932,0
                37.5863887,49.6937588,0
                37.5780016,49.6992228,0
                37.5786074,49.7042652,0
                37.5775363,49.7071329,0
                37.5744051,49.7074471,0
                37.571592,49.7109109,0
                37.5636179,49.7188037,0
                37.566195,49.7241376,0
                37.5733629,49.7308828,0
                37.5736211,49.7369322,0
                37.5740065,49.7401315,0
                37.5727722,49.7423071,0
                37.5704646,49.7444827,0
                37.5679091,49.7466707,0
                37.5673287,49.7514321,0
                37.5667933,49.753991,0
                37.5670053,49.759936,0
                37.565437,49.7615087,0
                37.5642978,49.7665192,0
                37.5635195,49.7695116,0
                37.5617111,49.7713953,0
                37.5714419,49.7804646,0
                37.5835212,49.7869409,0
                37.5824232,49.7898351,0
                37.5789216,49.7929509,0
                37.5900103,49.7973978,0
                37.5943556,49.7970737,0
                37.593812,49.7988762,0
                37.5897635,49.8010517,0
                37.5876029,49.8052214,0
                37.5786138,49.8113838,0
                37.5868195,49.8166906,0
                37.5819968,49.8220023,0
                37.5843917,49.825212,0
                37.5850703,49.8324083,0
                37.5949654,49.8441308,0
                37.5958749,49.8529632,0
                37.596742,49.8645952,0
                37.6124757,49.8779253,0
                37.6251246,49.8817398,0
                37.628193,49.8845875,0
                37.6346952,49.8874351,0
                37.6424102,49.8967933,0
                37.6482389,49.901949,0
                37.6503811,49.9056681,0
                37.6564313,49.9087992,0
                37.6699288,49.9047817,0
                37.6776229,49.9101792,0
                37.6908983,49.9122628,0
                37.6996816,49.918656,0
                37.695584,49.9316067,0
                37.6985183,49.9358159,0
                37.7008425,49.9390988,0
                37.7015136,49.9437946,0
                37.7001364,49.9470821,0
                37.6982012,49.9497622,0
                37.6917595,49.9493151,0
                37.6809626,49.9568768,0
                37.6811512,49.9637753,0
                37.6834556,49.9645354,0
                37.687003,49.9715354,0
                37.6962016,49.9747609,0
                37.7108429,49.975822,0
                37.715675,49.9858466,0
                37.7169762,49.9874375,0
                37.7160034,49.9903737,0
                37.713786,49.992151,0
                37.7197803,49.9971403,0
                37.7314953,50.0061036,0
                37.7240718,50.013083,0
                37.7238418,50.0142591,0
                37.7194916,50.0197922,0
                37.7130959,50.0180059,0
                37.7067624,50.0308812,0
                37.7047261,50.0385954,0
                37.6886008,50.0397514,0
                37.6851766,50.0477419,0
                37.6915463,50.0520939,0
                37.6906118,50.0574387,0
                37.6884752,50.0649877,0
                37.6616757,50.0798705,0
                37.6566891,50.0896209,0
                37.6496407,50.0939742,0
                37.6491985,50.0986861,0
                37.6439489,50.107252,0
                37.6348096,50.1134266,0
                37.6354481,50.117894,0
                37.6393037,50.1272621,0
                37.6391089,50.1299391,0
                37.6323049,50.1322309,0
                37.617999,50.1337365,0
                37.6102163,50.1314999,0
                37.6045588,50.1359662,0
                37.597527,50.1401021,0
                37.5931225,50.1453472,0
                37.5427329,50.147576,0
                37.5157869,50.1592397,0
                37.4823182,50.1679325,0
                37.4767565,50.1815663,0
                37.4746453,50.2134122,0
                37.4752133,50.2218489,0
                37.4761802,50.2334469,0
                37.45929,50.2445006,0
                37.4662093,50.2613871,0
                37.4781069,50.269272,0
                37.4705762,50.2805665,0
                37.4446392,50.2981541,0
                37.4659263,50.3479576,0
                37.4566054,50.3591532,0
                37.4444784,50.3714643,0
                37.435985,50.3685525,0
                37.4329389,50.3739913,0
                37.4197388,50.3717848,0
                37.419144,50.3786701,0
                37.4123199,50.388791,0
                37.400399,50.4002404,0
                37.3846972,50.4033718,0
                37.3740737,50.4066988,0
                37.3665407,50.4003969,0
                37.3525074,50.3936995,0
                37.3489404,50.4005674,0
                37.3605449,50.4036738,0
                37.3574221,50.4069786,0
                37.3467617,50.4070995,0
                37.3448633,50.4161297,0
                37.3421964,50.4192232,0
                37.3382876,50.4184731,0
                37.3307719,50.4222076,0
                37.3226497,50.4140449,0
                37.300806,50.3940677,0
                37.2582127,50.3843587,0
                37.2298845,50.3719043,0
                37.2388655,50.3648075,0
                37.2461266,50.352892,0
                37.2409994,50.3499198,0
                37.2444555,50.3394989,0
                37.2632564,50.3090269,0
                37.2777365,50.2987691,0
                37.2930731,50.2874134,0
                37.3216896,50.2721069,0
                37.3199486,50.232564,0
                37.3147739,50.2130957,0
                37.2942492,50.2079307,0
                37.2320902,50.2076016,0
                37.2047591,50.2087057,0
                37.1960068,50.1967472,0
                37.1867506,50.1822858,0
                37.1361146,50.1856594,0
                37.1229057,50.1866178,0
                37.1188044,50.1889731,0
                37.1087523,50.1868469,0
                37.1016797,50.192182,0
                37.0914153,50.1935626,0
                37.0780631,50.1980387,0
                37.0655686,50.2050408,0
                37.0647699,50.2070526,0
                37.0637123,50.2091761,0
                37.0396524,50.2033894,0
                37.0256938,50.1997258,0
                37.0146123,50.1998654,0
                36.9845562,50.2057452,0
                36.9786376,50.2102491,0
                36.9755106,50.207828,0
                36.9703513,50.2047776,0
                36.9621069,50.2038017,0
                36.9457946,50.2063966,0
                36.9287244,50.2084285,0
                36.9197398,50.2093622,0
                36.9083918,50.2019483,0
                36.9067538,50.1986255,0
                36.9117717,50.1953707,0
                36.9029726,50.1928297,0
                36.8972777,50.1920925,0
                36.8857608,50.1941405,0
                36.8824514,50.1987175,0
                36.8812014,50.2040637,0
                36.8701894,50.2061056,0
                36.8698199,50.2093547,0
                36.8655397,50.2106515,0
                36.8602289,50.2156831,0
                36.8481065,50.2171085,0
                36.841647,50.2246291,0
                36.8374996,50.2291566,0
                36.8345532,50.2337939,0
                36.8271141,50.2400483,0
                36.8057638,50.2400402,0
                36.7881388,50.2361881,0
                36.7745234,50.2327221,0
                36.7586912,50.2316631,0
                36.7469242,50.2339794,0
                36.7372013,50.2328556,0
                36.726106,50.229974,0
                36.7002508,50.2288465,0
                36.6931007,50.2243089,0
                36.6804573,50.2296543,0
                36.6747796,50.2237598,0
                36.6657558,50.2242349,0
                36.6641623,50.2222481,0
                36.6560464,50.2167465,0
                36.645738,50.2072792,0
                36.6365966,50.205684,0
                36.6241951,50.2079329,0
                36.593418,50.1931073,0
                36.5841974,50.1993132,0
                36.5683491,50.1946595,0
                36.5570923,50.1987703,0
                36.5520141,50.2021114,0
                36.5451189,50.2006616,0
                36.5307658,50.1883777,0
                36.5103315,50.1915993,0
                36.5074089,50.1935938,0
                36.4995076,50.1960277,0
                36.4588129,50.2000078,0
                36.4527906,50.2026646,0
                36.4503634,50.2060305,0
                36.4460474,50.2091216,0
                36.437928,50.2210711,0
                36.4239999,50.2293699,0
                36.4180662,50.2294406,0
                36.4151851,50.2286795,0
                36.4040458,50.2283264,0
                36.4027247,50.2286713,0
                36.4025193,50.229675,0
                36.3898792,50.229209,0
                36.3886276,50.2325087,0
                36.3911525,50.2362475,0
                36.389411,50.2382268,0
                36.3897293,50.2402061,0
                36.389876,50.2425147,0
                36.3910527,50.2454821,0
                36.3861076,50.2507581,0
                36.3780711,50.2555948,0
                36.3707419,50.2547745,0
                36.3600392,50.2535957,0
                36.3550012,50.2559286,0
                36.3307237,50.2675616,0
                36.3254111,50.2717842,0
                36.3246406,50.2736077,0
                36.3214667,50.2749923,0
                36.3146875,50.276651,0
                36.3060201,50.2743597,0
              </coordinates>
            </LinearRing>
          </outerBoundaryIs>
        </Polygon>
      </Placemark>
      <Placemark>
        <name>Sumy Front</name>
        <styleUrl>#poly-3949AB-2270-92-nodesc</styleUrl>
        <Polygon>
          <outerBoundaryIs>
            <LinearRing>
              <tessellate>1</tessellate>
              <coordinates>
                34.3091948,51.2263307,0
                34.2776091,51.1755617,0
                34.2570097,51.1057707,0
                34.3201811,50.9779788,0
                34.4575102,50.8203457,0
                34.6250517,50.7708673,0
                34.8076994,50.7082934,0
                34.8722441,50.6874169,0
                35.0658781,50.6586964,0
                35.1441557,50.6604376,0
                35.1702483,50.6604376,0
                35.3879447,50.5887949,0
                35.4180317,50.601555,0
                35.4095737,50.6122552,0
                35.3995879,50.6301762,0
                35.388634,50.6412998,0
                35.3900402,50.6515514,0
                35.3892476,50.6544209,0
                35.3882825,50.6670585,0
                35.3844514,50.6736761,0
                35.3771861,50.6746363,0
                35.3688766,50.6803655,0
                35.3628847,50.684626,0
                35.3586252,50.6840104,0
                35.3554277,50.6826702,0
                35.3569288,50.6905404,0
                35.3601031,50.7000816,0
                35.3612189,50.7025021,0
                35.3748686,50.7161197,0
                35.3803618,50.7639188,0
                35.357014,50.7937616,0
                35.3602774,50.823599,0
                35.3728133,50.8424534,0
                35.3721316,50.8539418,0
                35.3759066,50.8595816,0
                35.3700621,50.8667382,0
                35.3629516,50.8781618,0
                35.3652932,50.8874341,0
                35.3628591,50.8887131,0
                35.3607681,50.8906418,0
                35.3574674,50.8932127,0
                35.3563941,50.897952,0
                35.3599757,50.8991313,0
                35.3289796,50.9119538,0
                35.3272073,50.9134928,0
                35.3218577,50.9221625,0
                35.31592,50.923792,0
                35.3114058,50.9291511,0
                35.3062041,50.9321297,0
                35.294724,50.9402333,0
                35.2498991,51.0021827,0
                35.1469023,51.0427823,0
                35.0310316,51.0589988,0
                34.9797041,51.0436457,0
                34.8608388,51.0557277,0
                34.8325904,51.0564334,0
                34.8001463,51.064579,0
                34.7849559,51.0748801,0
                34.7854693,51.0864734,0
                34.7754144,51.0925129,0
                34.7734748,51.1007063,0
                34.7368565,51.1001646,0
                34.7019223,51.1253796,0
                34.6580107,51.1600617,0
                34.5330412,51.2091271,0
                34.4012053,51.2246106,0
                34.3091948,51.2263307,0
              </coordinates>
            </LinearRing>
          </outerBoundaryIs>
        </Polygon>
      </Placemark>
    </Folder>
    <Folder>
      <name>Confirmed Russian Control</name>
      <Placemark>
        <name>Bezsalivka</name>
        <styleUrl>#poly-FF5252-3065-117-nodesc</styleUrl>
        <Polygon>
          <outerBoundaryIs>
            <LinearRing>
              <tessellate>1</tessellate>
              <coordinates>
                34.3788437,51.2704719,0
                34.3861393,51.2635441,0
                34.3932633,51.2601604,0
                34.3946366,51.2601067,0
                34.399014,51.2622551,0
                34.4009881,51.2644034,0
                34.409142,51.2633293,0
                34.4128327,51.2627922,0
                34.4146056,51.2655362,0
                34.4142529,51.2655942,0
                34.4136447,51.2657188,0
                34.413117,51.2658669,0
                34.4125939,51.2660918,0
                34.4123338,51.2662295,0
                34.4117303,51.2667296,0
                34.4112985,51.266988,0
                34.4107031,51.2672783,0
                34.410054,51.2675284,0
                34.4052582,51.2690136,0
                34.4037347,51.2695489,0
                34.4033324,51.2697284,0
                34.4026833,51.2700389,0
                34.4011276,51.2708981,0
                34.4008057,51.2710206,0
                34.398499,51.2712774,0
                34.3837361,51.2737743,0
                34.3788437,51.2704719,0
              </coordinates>
            </LinearRing>
          </outerBoundaryIs>
        </Polygon>
      </Placemark>
      <Placemark>
        <name>Dehtyarne</name>
        <styleUrl>#poly-FF5252-2568-105-nodesc</styleUrl>
        <Polygon>
          <outerBoundaryIs>
            <LinearRing>
              <tessellate>1</tessellate>
              <coordinates>
                37.4325978,50.4437174,0
                37.4298518,50.4410393,0
                37.4212704,50.4348623,0
                37.4126204,50.4329279,0
                37.3964184,50.4312109,0
                37.3790147,50.4326625,0
                37.3665355,50.4345897,0
                37.3519951,50.4373901,0
                37.3484344,50.429912,0
                37.3593544,50.4255174,0
                37.361627,50.4252299,0
                37.3604664,50.4214426,0
                37.3711909,50.4210861,0
                37.3806231,50.4205911,0
                37.3902181,50.4235373,0
                37.4068504,50.4256061,0
                37.4124199,50.41964,0
                37.4245115,50.4202356,0
                37.4318737,50.4104212,0
                37.4304632,50.3958254,0
                37.4379385,50.3874243,0
                37.4453323,50.386163,0
                37.4659473,50.3912976,0
                37.4657964,50.4098835,0
                37.4618679,50.418623,0
                37.4653851,50.4308159,0
                37.484182,50.4311439,0
                37.4846112,50.4452478,0
                37.490791,50.4574897,0
                37.4767148,50.4594022,0
                37.4732815,50.4555771,0
                37.4692475,50.4535005,0
                37.4563729,50.4502215,0
                37.4496781,50.4483633,0
                37.4423825,50.4468876,0
                37.43646,50.4447013,0
                37.4325978,50.4437174,0
              </coordinates>
            </LinearRing>
          </outerBoundaryIs>
        </Polygon>
      </Placemark>
      <Placemark>
        <name>Sumy Front</name>
        <styleUrl>#poly-FF5252-3562-112-nodesc</styleUrl>
        <Polygon>
          <outerBoundaryIs>
            <LinearRing>
              <tessellate>1</tessellate>
              <coordinates>
                35.3333598,50.9347228,0
                35.3324484,50.9292582,0
                35.3375124,50.9246597,0
                35.342791,50.9252548,0
                35.3439497,50.9252548,0
                35.3451943,50.9267967,0
                35.3461384,50.9272565,0
                35.349872,50.9259311,0
                35.3535198,50.9268778,0
                35.3577255,50.9267155,0
                35.361545,50.9254982,0
                35.3642058,50.9245515,0
                35.3657936,50.9257417,0
                35.3731322,50.923253,0
                35.3757719,50.9209735,0
                35.3753856,50.9166989,0
                35.3754715,50.9149132,0
                35.377746,50.9130732,0
                35.3816942,50.9085814,0
                35.3766731,50.907093,0
                35.3769735,50.9026006,0
                35.3834108,50.8998129,0
                35.387477,50.8978777,0
                35.4036776,50.9027765,0
                35.4029695,50.9035478,0
                35.4016176,50.9039538,0
                35.4008015,50.9044077,0
                35.4006513,50.9045092,0
                35.4000613,50.9047122,0
                35.3984627,50.9057101,0
                35.3982052,50.9058624,0
                35.3969767,50.906522,0
                35.3967729,50.9068061,0
                35.3968158,50.9070835,0
                35.3967085,50.9082539,0
                35.3966656,50.9088831,0
                35.397481,50.9091537,0
                35.3978565,50.9092552,0
                35.3984251,50.9093972,0
                35.3986665,50.9095393,0
                35.3990474,50.9098708,0
                35.3992727,50.9099858,0
                35.3995248,50.9100737,0
                35.4001042,50.9101549,0
                35.4007694,50.9102124,0
                35.4015204,50.9104289,0
                35.4020568,50.9104932,0
                35.4016491,50.9115823,0
                35.4011234,50.9125091,0
                35.4006084,50.9131517,0
                35.4004368,50.9136928,0
                35.4003187,50.9143896,0
                35.3998145,50.9149442,0
                35.3988704,50.9158033,0
                35.39754,50.9167097,0
                35.3969392,50.9168991,0
                35.3960916,50.9173725,0
                35.3954479,50.9179745,0
                35.3948149,50.9183195,0
                35.392712,50.9192393,0
                35.3930661,50.924704,0
                35.3876962,50.9236518,0
                35.3804435,50.9235435,0
                35.3737272,50.9233812,0
                35.3659917,50.9259849,0
                35.3724557,50.9324644,0
                35.3642482,50.9325929,0
                35.3548712,50.9310377,0
                35.3545239,50.9319058,0
                35.3540347,50.9321228,0
                35.353331,50.9322181,0
                35.3514256,50.9319618,0
                35.3505502,50.9317461,0
                35.3480532,50.9318188,0
                35.3476307,50.9319802,0
                35.3474921,50.9325718,0
                35.3484495,50.9328588,0
                35.3454916,50.9327908,0
                35.3446581,50.933791,0
                35.3439962,50.9350617,0
                35.3440029,50.9356288,0
                35.341621,50.9349595,0
                35.3392821,50.9344524,0
                35.337823,50.9344389,0
                35.3333598,50.9347228,0
              </coordinates>
            </LinearRing>
          </outerBoundaryIs>
        </Polygon>
      </Placemark>
      <Placemark>
        <name>Donetsk Front</name>
        <styleUrl>#poly-FF5252-1475-107-nodesc</styleUrl>
        <MultiGeometry>
          <Polygon>
            <outerBoundaryIs>
              <LinearRing>
                <tessellate>1</tessellate>
                <coordinates>
                  37.8896087,49.2137054,0
                  37.8897803,49.2184009,0
                  37.8892948,49.2184885,0
                  37.8896087,49.2137054,0
                </coordinates>
              </LinearRing>
            </outerBoundaryIs>
          </Polygon>
          <Polygon>
            <outerBoundaryIs>
              <LinearRing>
                <tessellate>1</tessellate>
                <coordinates>
                  38.0446073,48.9347742,0
                  38.0401646,48.9379369,0
                  38.0396677,48.9417432,0
                  38.0396902,48.9421347,0
                  38.0395571,48.9429139,0
                  38.038735,48.9435975,0
                  38.0203124,48.9432135,0
                  38.0089616,48.9433799,0
                  38.0083767,48.9439909,0
                  38.0082088,48.9442619,0
                  38.0078487,48.944411,0
                  38.0070943,48.9447996,0
                  38.0066914,48.945134,0
                  38.0061384,48.9457115,0
                  38.0057296,48.9459998,0
                  38.0052554,48.9460691,0
                  38.0048823,48.9460222,0
                  38.029882,48.9739172,0
                  38.0541268,48.9646258,0
                  38.0530756,48.9692605,0
                  38.0534833,48.9705449,0
                  38.0542933,48.9715107,0
                  38.0576675,48.9742785,0
                  38.0579298,48.9751112,0
                  38.0575913,48.9756059,0
                  38.0522576,48.9791304,0
                  38.0513216,48.9812764,0
                  38.0518326,48.9838755,0
                  38.052598,48.9844891,0
                  38.0536973,48.985035,0
                  38.0571088,48.9863676,0
                  38.0611857,48.9877917,0
                  38.0765013,48.9914209,0
                  38.0794151,48.9918602,0
                  38.0878064,48.9920205,0
                  38.0983542,48.9919618,0
                  38.0989363,48.9923055,0
                  38.0983947,48.99916,0
                  38.0918717,49.0087882,0
                  38.0907559,49.0113779,0
                  38.0899459,49.0127466,0
                  38.0895825,49.0141232,0
                  38.0892137,49.0147538,0
                  38.0891252,49.0150934,0
                  38.0880952,49.0166696,0
                  38.0860354,49.0175702,0
                  38.0853737,49.0184686,0
                  38.0845618,49.0194086,0
                  38.0839,49.0205176,0
                  38.0789143,49.0290277,0
                  38.0733741,49.0389198,0
                  38.0616529,49.0500205,0
                  38.0571256,49.0543131,0
                  38.0530698,49.0583875,0
                  38.0527801,49.0594351,0
                  38.0529625,49.0597374,0
                  38.0537134,49.0601487,0
                  38.0617172,49.0628939,0
                  38.0672748,49.0949537,0
                  38.0676677,49.096314,0
                  38.0686883,49.0986472,0
                  38.072412,49.1063391,0
                  38.0759866,49.1140589,0
                  38.0840547,49.1356277,0
                  38.0830489,49.1406165,0
                  38.0830623,49.1416747,0
                  38.0829161,49.1420204,0
                  38.0822442,49.1424082,0
                  38.0820269,49.1428187,0
                  38.0826814,49.1439382,0
                  38.0819089,49.1478613,0
                  38.078304,49.1476438,0
                  38.0690343,49.146577,0
                  38.0653436,49.1468016,0
                  38.0579622,49.1484298,0
                  38.053499,49.1479806,0
                  38.0438859,49.1491035,0
                  38.0406244,49.1375932,0
                  38.0409677,49.1363999,0
                  38.0401094,49.1359647,0
                  38.0401308,49.1324407,0
                  38.039294,49.1264593,0
                  38.0383069,49.1257151,0
                  38.0315478,49.1260802,0
                  38.0082698,49.1280881,0
                  37.9954806,49.1295203,0
                  37.9815423,49.1304961,0
                  37.9766474,49.1332918,0
                  37.9737317,49.1342446,0
                  37.9726658,49.1344413,0
                  37.9599467,49.135747,0
                  37.9579496,49.1365899,0
                  37.9561904,49.1391501,0
                  37.9545437,49.1410232,0
                  37.9539161,49.1415908,0
                  37.94492,49.1386067,0
                  37.9430693,49.1390945,0
                  37.9305385,49.1423436,0
                  37.9252406,49.1439883,0
                  37.922714,49.144462,0
                  37.9190045,49.1456411,0
                  37.9180497,49.1465219,0
                  37.9171163,49.1478518,0
                  37.9142785,49.1490905,0
                  37.9120763,49.1504063,0
                  37.9106784,49.1509307,0
                  37.9073921,49.1522832,0
                  37.9062515,49.1530988,0
                  37.9057331,49.1539285,0
                  37.9050626,49.1544671,0
                  37.9027183,49.1552022,0
                  37.9020262,49.1556356,0
                  37.9014871,49.1563224,0
                  37.9009479,49.1573881,0
                  37.8976326,49.1591142,0
                  37.8950146,49.1601771,0
                  37.8930296,49.1606612,0
                  37.8935019,49.160891,0
                  37.8943711,49.1608787,0
                  37.9035228,49.1662982,0
                  37.9030205,49.1666315,0
                  37.9016813,49.1678558,0
                  37.8937957,49.1755718,0
                  37.9052628,49.1797378,0
                  37.9076422,49.1834911,0
                  37.9137162,49.186202,0
                  37.9351908,49.1920516,0
                  37.9285852,49.199719,0
                  37.9238705,49.2052153,0
                  37.9166771,49.2025587,0
                  37.9158028,49.2028474,0
                  37.9084904,49.2141271,0
                  37.8998467,49.2129441,0
                  37.8965979,49.212002,0
                  37.8897804,49.2110141,0
                  37.8896087,49.2137054,0
                  37.8892948,49.2184885,0
                  37.8828321,49.219573,0
                  37.8818892,49.2201966,0
                  37.881094,49.2207182,0
                  37.878668,49.2214079,0
                  37.8770573,49.2256853,0
                  37.8788269,49.2262825,0
                  37.878279,49.227272,0
                  37.8732392,49.2233474,0
                  37.8617808,49.2207407,0
                  37.8495499,49.2168163,0
                  37.8480361,49.2090533,0
                  37.8468075,49.2047231,0
                  37.8449059,49.2047732,0
                  37.8440343,49.2009817,0
                  37.8438115,49.2002119,0
                  37.8490687,49.1992024,0
                  37.8508502,49.1990709,0
                  37.8537684,49.1990709,0
                  37.8585321,49.1990429,0
                  37.8894741,49.1921159,0
                  37.8893023,49.1823268,0
                  37.8826076,49.1704035,0
                  37.8688318,49.1628831,0
                  37.8712779,49.1561477,0
                  37.8784877,49.1508709,0
                  37.8859326,49.1447933,0
                  37.8638535,49.1391644,0
                  37.8660208,49.131527,0
                  37.9071114,49.0966876,0
                  37.9174167,49.0858876,0
                  37.9165659,49.072451,0
                  37.9179487,49.0614855,0
                  37.9153935,49.0546243,0
                  37.903913,49.0558406,0
                  37.8927762,49.0525559,0
                  37.8956266,49.0428736,0
                  37.8804346,49.0417765,0
                  37.8668448,49.0382505,0
                  37.8556869,49.0383068,0
                  37.854217,49.0312566,0
                  37.8405699,49.0316787,0
                  37.8370938,49.0245032,0
                  37.8370937,49.0204789,0
                  37.8386816,49.0102055,0
                  37.8258071,49.0090514,0
                  37.8206572,49.0023794,0
                  37.8217836,48.9969885,0
                  37.8163548,48.9917228,0
                  37.8132169,48.989613,0
                  37.8139894,48.9882612,0
                  37.8127878,48.9833608,0
                  37.8309839,48.9719248,0
                  37.8285857,48.9650203,0
                  37.8250672,48.9577783,0
                  37.8167411,48.9478307,0
                  37.8297016,48.9295639,0
                  37.8418321,48.9212117,0
                  37.8435487,48.9142177,0
                  37.8479899,48.9117254,0
                  37.8575805,48.9104736,0
                  37.8693722,48.9067458,0
                  37.8801595,48.9048809,0
                  37.8901018,48.9027632,0
                  37.8932203,48.8881807,0
                  37.8951347,48.8884537,0
                  37.8976221,48.8881108,0
                  37.8996374,48.8872317,0
                  37.9025091,48.8848245,0
                  37.9024213,48.883127,0
                  37.9001019,48.881994,0
                  37.9000141,48.8794498,0
                  37.902116,48.8780648,0
                  37.9047327,48.8774701,0
                  37.9082368,48.8786212,0
                  37.9111654,48.8797949,0
                  37.914316,48.8792077,0
                  37.9160206,48.8795789,0
                  37.9185407,48.8805427,0
                  37.921564,48.8820469,0
                  37.9225501,48.8829824,0
                  37.9237509,48.8834663,0
                  37.9263894,48.8853896,0
                  37.9272797,48.8867462,0
                  37.9296132,48.8892023,0
                  37.9314318,48.8915455,0
                  37.9313446,48.8936511,0
                  37.9323738,48.8955504,0
                  37.9324594,48.8977979,0
                  37.9332318,48.8990627,0
                  37.934648,48.900203,0
                  37.9363218,48.9028666,0
                  37.9403119,48.9065981,0
                  37.944314,48.9088663,0
                  37.9459565,48.9102804,0
                  37.9482,48.9109609,0
                  37.9524545,48.9118933,0
                  37.9544101,48.9112029,0
                  37.9561004,48.9093377,0
                  37.9559585,48.9081231,0
                  37.9549005,48.9067824,0
                  37.9539923,48.9065037,0
                  37.9525691,48.9056044,0
                  37.951146,48.9043948,0
                  37.951164,48.9029155,0
                  37.9519455,48.9021476,0
                  37.9528986,48.9018311,0
                  37.9565114,48.9012231,0
                  37.9593049,48.9008626,0
                  37.96124,48.9010662,0
                  37.964295,48.9011067,0
                  37.9672387,48.9016064,0
                  37.9729291,48.9030087,0
                  37.9743462,48.9039792,0
                  37.9750794,48.9064163,0
                  37.977506,48.9091581,0
                  37.9790745,48.9104331,0
                  37.9812658,48.91089,0
                  37.9835088,48.9107786,0
                  37.9866101,48.9111184,0
                  37.9886384,48.9106966,0
                  37.9902533,48.9094138,0
                  37.9913611,48.907221,0
                  37.9925158,48.905899,0
                  37.993842,48.9058181,0
                  37.9947449,48.9063307,0
                  37.995229,48.9094371,0
                  37.9960968,48.9102905,0
                  37.9971362,48.9109182,0
                  37.9997301,48.9109326,0
                  38.0039547,48.9084929,0
                  38.0048652,48.9072166,0
                  38.00502,48.90624,0
                  38.0048399,48.9050465,0
                  38.0054365,48.9046754,0
                  38.0062906,48.9045864,0
                  38.0076052,48.905224,0
                  38.0082332,48.9064258,0
                  38.0086896,48.9081634,0
                  38.0095616,48.9089476,0
                  38.0111993,48.9091423,0
                  38.013715,48.9078073,0
                  38.0146921,48.9078105,0
                  38.0156693,48.9081521,0
                  38.0165337,48.9094666,0
                  38.0168832,48.9113452,0
                  38.0204975,48.9128092,0
                  38.0213575,48.9145198,0
                  38.021015,48.9162212,0
                  38.0213592,48.9167945,0
                  38.0224232,48.9170681,0
                  38.0240022,48.9170879,0
                  38.0258602,48.9166564,0
                  38.0272719,48.9154747,0
                  38.0282245,48.9135512,0
                  38.0293916,48.9134327,0
                  38.0308559,48.9146722,0
                  38.0320627,48.9172653,0
                  38.0373039,48.9244409,0
                  38.0388953,48.9260549,0
                  38.0401202,48.9275951,0
                  38.0422777,48.9290983,0
                  38.0425597,48.931504,0
                  38.0431849,48.9333459,0
                  38.0446073,48.9347742,0
                </coordinates>
              </LinearRing>
            </outerBoundaryIs>
          </Polygon>
        </MultiGeometry>
      </Placemark>
      <Placemark>
        <name>Luhansk Front</name>
        <styleUrl>#poly-FF5252-1801-120-nodesc</styleUrl>
        <Polygon>
          <outerBoundaryIs>
            <LinearRing>
              <tessellate>1</tessellate>
              <coordinates>
                38.0089616,48.9433799,0
                38.0203124,48.9432135,0
                38.038735,48.9435975,0
                38.0395571,48.9429139,0
                38.0396902,48.9421347,0
                38.0396677,48.9417432,0
                38.0401646,48.9379369,0
                38.0446073,48.9347742,0
                38.0461529,48.9338386,0
                38.0614714,48.9333423,0
                38.0625129,48.9338794,0
                38.0660168,48.935123,0
                38.0669084,48.9350806,0
                38.0697244,48.9347385,0
                38.071607,48.934437,0
                38.0725208,48.9341575,0
                38.0730792,48.9341125,0
                38.074649,48.934396,0
                38.0780991,48.9353147,0
                38.0797079,48.9352876,0
                38.0822155,48.9350361,0
                38.0829343,48.9350794,0
                38.0836531,48.9350134,0
                38.0848949,48.9347174,0
                38.0873247,48.9335547,0
                38.0875443,48.9336863,0
                38.0880107,48.9337275,0
                38.0968499,48.9305006,0
                38.0986551,48.9300774,0
                38.1012612,48.9295871,0
                38.1061577,48.9286456,0
                38.11058,48.9277189,0
                38.114042,48.9266881,0
                38.1172279,48.9270535,0
                38.1179052,48.9267574,0
                38.1196171,48.9265388,0
                38.124274,48.9266444,0
                38.1248728,48.9265879,0
                38.125607,48.926453,0
                38.1262282,48.9262776,0
                38.1267489,48.9261788,0
                38.1272752,48.9260095,0
                38.1278927,48.9256755,0
                38.1290856,48.9249475,0
                38.1296373,48.9245614,0
                38.1307322,48.9238774,0
                38.1313516,48.9237291,0
                38.1324739,48.9236416,0
                38.1332511,48.9238585,0
                38.1355948,48.9247804,0
                38.1371299,48.92592,0
                38.1378453,48.9273402,0
                38.1386098,48.928497,0
                38.1394041,48.9298732,0
                38.1397664,48.9306186,0
                38.1402124,48.9311766,0
                38.140709,48.931579,0
                38.1412485,48.9318968,0
                38.1419915,48.9321797,0
                38.1437839,48.9324615,0
                38.1445141,48.9325014,0
                38.1462743,48.9323102,0
                38.1478448,48.9319471,0
                38.1486076,48.9317483,0
                38.1517197,48.9309278,0
                38.1537574,48.9306773,0
                38.1564232,48.930552,0
                38.1574487,48.930573,0
                38.1582326,48.9304866,0
                38.1590379,48.9303827,0
                38.1599378,48.9303148,0
                38.160776,48.9302946,0
                38.1621519,48.9303368,0
                38.1627956,48.9303818,0
                38.1634387,48.9305046,0
                38.1641085,48.9306027,0
                38.1649896,48.9307708,0
                38.1657849,48.93096,0
                38.1677349,48.9310434,0
                38.1705359,48.9305193,0
                38.1791303,48.9290504,0
                38.1810963,48.9289825,0
                38.1826547,48.9290257,0
                38.1845698,48.9290274,0
                38.1851814,48.9289605,0
                38.1862221,48.9287438,0
                38.1878207,48.9283297,0
                38.1887809,48.9281455,0
                38.1905994,48.9278715,0
                38.1914657,48.9278045,0
                38.1935283,48.9277129,0
                38.197372,48.9277605,0
                38.1993049,48.9280247,0
                38.2113334,48.9306752,0
                38.2181534,48.9328989,0
                38.2215491,48.9338698,0
                38.2235716,48.934587,0
                38.22561,48.9273129,0
                38.2267854,48.9223013,0
                38.2272074,48.9105378,0
                38.2276796,48.8969643,0
                38.2278594,48.8853501,0
                38.2275243,48.8845153,0
                38.2280087,48.8690279,0
                38.2286691,48.8671561,0
                38.2291514,48.8670673,0
                38.2293961,48.8666157,0
                38.2291471,48.8589774,0
                38.2272999,48.8589313,0
                38.2258406,48.8577514,0
                38.2264165,48.8560797,0
                38.2254271,48.8524353,0
                38.2218453,48.8390011,0
                38.2232631,48.8389346,0
                38.2238694,48.8390192,0
                38.2324137,48.8397072,0
                38.2434688,48.8405213,0
                38.243553,48.8408632,0
                38.243274,48.8414918,0
                38.2470378,48.8417215,0
                38.2577609,48.8422616,0
                38.2692031,48.8341655,0
                38.2718208,48.8323294,0
                38.2718637,48.8287698,0
                38.2725503,48.8241364,0
                38.2934441,48.8270616,0
                38.3131281,48.8281056,0
                38.3145916,48.8208023,0
                38.3164697,48.814289,0
                38.2883601,48.8120566,0
                38.2818797,48.8023621,0
                38.2791349,48.8030503,0
                38.2782337,48.8015804,0
                38.2784486,48.7944982,0
                38.2819242,48.7826663,0
                38.2817095,48.7779434,0
                38.2821387,48.7737862,0
                38.2761734,48.7727398,0
                38.2661308,48.7528812,0
                38.2641772,48.7518912,0
                38.2800351,48.7407134,0
                38.2825822,48.7379123,0
                38.2846133,48.7385374,0
                38.3080843,48.7376215,0
                38.3180164,48.7354641,0
                38.3240925,48.7300929,0
                38.325677,48.7139581,0
                38.3052224,48.7118239,0
                38.3041661,48.7110478,0
                38.3146346,48.7043014,0
                38.3127086,48.6862311,0
                38.2854417,48.6809135,0
                38.2859981,48.6718442,0
                38.2595902,48.667312,0
                38.2600361,48.6580068,0
                38.2380017,48.6562822,0
                38.2372331,48.652248,0
                38.2302849,48.6525228,0
                38.2325447,48.6396139,0
                38.262009,48.6422584,0
                38.277936,48.5492073,0
                38.2782075,48.5492733,0
                38.278393,48.5467257,0
                38.2773052,48.5456078,0
                38.2752156,48.5456449,0
                38.2847451,48.535909,0
                38.3205872,48.5084341,0
                38.3126774,48.5066518,0
                38.3112977,48.501211,0
                38.3150677,48.5003199,0
                38.3026748,48.4956214,0
                38.2995524,48.4959275,0
                38.2974212,48.4957403,0
                38.2979005,48.4899587,0
                38.3040818,48.486256,0
                38.3078594,48.4845726,0
                38.3016281,48.484844,0
                38.303504,48.4773447,0
                38.3070961,48.4746247,0
                38.3065745,48.4739762,0
                38.3028376,48.4763263,0
                38.2967827,48.4796434,0
                38.2956637,48.4766309,0
                38.2876789,48.4761217,0
                38.3202853,48.4645185,0
                38.312334,48.4557098,0
                38.3170734,48.4511002,0
                38.3213304,48.4508449,0
                38.3448096,48.4371518,0
                38.350061,48.4414172,0
                38.3562919,48.4403613,0
                38.3608063,48.442949,0
                38.3708651,48.4431136,0
                38.3768039,48.4405447,0
                38.3817152,48.4291061,0
                38.4025321,48.4344526,0
                38.4017801,48.4400181,0
                38.4335878,48.4469005,0
                38.4393742,48.417596,0
                38.4379489,48.3958109,0
                38.45048,48.3761572,0
                38.4540257,48.3807025,0
                38.4686699,48.3779343,0
                38.4778001,48.3681998,0
                38.493793,48.3630254,0
                38.4713291,48.35879,0
                38.4639759,48.3472523,0
                38.4514761,48.3468926,0
                38.4341715,48.3415111,0
                38.4383263,48.3145459,0
                38.4287308,48.3070022,0
                38.4287516,48.2784472,0
                38.5433677,48.2712529,0
                38.5580979,48.2744927,0
                38.5707642,48.2688489,0
                38.5844927,48.2598349,0
                38.5911839,48.251637,0
                38.5882611,48.2347518,0
                38.5942616,48.2178648,0
                38.6021524,48.2130815,0
                38.6092727,48.2062283,0
                38.6119739,48.204918,0
                38.6129585,48.2032644,0
                38.6102598,48.19944,0
                38.6077439,48.1952544,0
                38.610364,48.1932978,0
                38.6112876,48.1925483,0
                38.6116105,48.1914555,0
                38.6106711,48.189717,0
                38.6083831,48.1887543,0
                38.6055802,48.1885927,0
                38.6040513,48.1880834,0
                38.6034479,48.187396,0
                38.6034453,48.1863366,0
                38.6007593,48.1831168,0
                38.6002646,48.1819004,0
                38.5995038,48.1811966,0
                38.5973696,48.1799778,0
                38.5985754,48.1783224,0
                38.6005765,48.1770436,0
                38.6044978,48.1757324,0
                38.6045336,48.1745228,0
                38.6040544,48.1726836,0
                38.6040936,48.1722004,0
                38.6054633,48.1711161,0
                38.6085066,48.1701034,0
                38.6106486,48.1696058,0
                38.6144813,48.1696608,0
                38.6363908,48.1616395,0
                38.6396972,48.1612827,0
                38.6519706,48.1563304,0
                38.6517964,48.1524954,0
                38.6720926,48.1485727,0
                38.6831168,48.1453351,0
                38.6861116,48.1473351,0
                38.8204693,48.1153072,0
                38.806947,48.08892,0
                38.8102219,48.0878585,0
                38.8185119,48.083217,0
                38.8160261,48.0820433,0
                38.8091633,48.0776012,0
                38.8056087,48.0786344,0
                38.7996511,48.0746209,0
                38.8041435,48.0718547,0
                38.801984,48.0706083,0
                38.8126435,48.0676451,0
                38.8157461,48.0670908,0
                38.8184539,48.0651755,0
                38.821481,48.0701397,0
                38.8272128,48.0761647,0
                38.8288974,48.0760653,0
                38.8288679,48.0750799,0
                38.8273793,48.0739798,0
                38.8270064,48.0731378,0
                38.8283072,48.072554,0
                38.826671,48.0689343,0
                38.829553,48.0682224,0
                38.826255,48.0658472,0
                38.8291005,48.0635631,0
                38.8291266,48.0628955,0
                38.8270499,48.0601915,0
                38.8282347,48.0593232,0
                38.8265368,48.0578578,0
                38.821704,48.0577234,0
                38.8211978,48.0527798,0
                38.8196538,48.0510609,0
                38.8164361,48.051221,0
                38.8152991,48.0507626,0
                38.8134756,48.0493575,0
                38.8135832,48.0475578,0
                38.8154609,48.0472318,0
                38.8157292,48.0454425,0
                38.8180901,48.0431054,0
                38.8206056,48.0445371,0
                38.8255386,48.0381868,0
                38.8212663,48.03628,0
                38.8235727,48.0332136,0
                38.8246559,48.0302046,0
                38.8295251,48.0227515,0
                38.8304229,48.0226839,0
                38.830634,48.0209661,0
                38.8319177,48.0189038,0
                38.8350426,48.0153639,0
                38.83747,48.0138479,0
                38.8395908,48.0139989,0
                38.8403992,48.014627,0
                38.8414189,48.0160448,0
                38.843978,48.016226,0
                38.8447451,48.0157398,0
                39.039561,48.0067457,0
                39.0437564,47.9867758,0
                39.0384662,47.9561758,0
                39.041538,47.956604,0
                39.0469409,47.9560213,0
                39.0482236,47.9540589,0
                39.0528493,47.9549625,0
                39.0505128,47.9503893,0
                39.0548375,47.9502872,0
                39.0577889,47.9471957,0
                39.0665049,47.9512704,0
                39.0728183,47.9523553,0
                39.0838107,47.9411301,0
                39.0917114,47.9404831,0
                39.0653019,47.8952402,0
                39.0747784,47.8694422,0
                39.0828339,47.8697021,0
                39.0827408,47.8519785,0
                39.1092943,47.8517558,0
                39.1095239,47.8429999,0
                39.1494038,47.8427131,0
                39.149805,47.8516397,0
                39.1622224,47.8518086,0
                39.1655124,47.8491279,0
                39.1718919,47.8464469,0
                39.1754647,47.8505889,0
                39.1813726,47.8535812,0
                39.236513,47.8541548,0
                39.2336489,47.8567151,0
                39.2342179,47.8597362,0
                39.2366752,47.8616057,0
                39.2360157,47.8644983,0
                39.2415363,47.8671605,0
                39.3510391,47.8671431,0
                39.3479973,47.8714682,0
                39.3545687,47.8727992,0
                39.3873767,47.8711957,0
                39.4127561,47.8297316,0
                39.4223692,47.8335077,0
                39.4263182,47.8367072,0
                39.4373077,47.8398787,0
                39.4318219,47.8443162,0
                39.4408385,47.8550027,0
                39.4432107,47.8559206,0
                39.4454114,47.855802,0
                39.446582,47.8545315,0
                39.44666,47.8536379,0
                39.4453647,47.8527443,0
                39.4484391,47.8521092,0
                39.4532693,47.8551542,0
                39.4571806,47.8556561,0
                39.4595316,47.8566743,0
                39.4620546,47.8586138,0
                39.4645256,47.8596133,0
                39.467769,47.8598929,0
                39.4716991,47.8590207,0
                39.4774995,47.8605007,0
                39.5204358,47.8254594,0
                39.5344139,47.8326567,0
                39.5418122,47.8250324,0
                39.5544371,47.8306697,0
                39.5611798,47.8330269,0
                39.5655198,47.8367666,0
                39.6228774,47.8364299,0
                39.6275227,47.8387893,0
                39.6356821,47.838125,0
                39.6469711,47.8354879,0
                39.6527663,47.8328503,0
                39.7379373,47.8274865,0
                39.7575972,47.8467725,0
                39.7635288,47.8471617,0
                39.7625819,47.8708403,0
                39.7833529,47.8697998,0
                39.7929419,47.8693388,0
                39.7946346,47.8704897,0
                39.7928719,47.9198784,0
                39.8015557,47.9265515,0
                39.8007484,47.9312683,0
                39.8033746,47.9369052,0
                39.8059827,47.9362195,0
                39.8060512,47.9507202,0
                39.8212983,47.9512025,0
                39.8242713,47.9558269,0
                39.8183766,47.9620479,0
                39.8172872,47.9724067,0
                39.8235771,47.9806231,0
                39.8169271,47.9918916,0
                39.8161112,48.0018962,0
                39.7897441,48.0109002,0
                39.7812176,48.0391927,0
                39.881675,48.0420516,0
                39.8805177,48.0485624,0
                39.8332233,48.0664267,0
                39.8689136,48.0797109,0
                39.8730381,48.1168437,0
                39.8874653,48.1303618,0
                39.8977764,48.1337956,0
                39.906046,48.1507452,0
                39.9102889,48.1800629,0
                39.9248454,48.1828125,0
                39.9366554,48.1800666,0
                39.9412611,48.2288742,0
                40.0099968,48.2241626,0
                40.0065435,48.2407398,0
                40.0209462,48.2554872,0
                39.8658999,48.5038162,0
                39.8671409,48.5083263,0
                39.8615818,48.519906,0
                39.8628883,48.5246633,0
                39.8544051,48.5370403,0
                39.8565201,48.5447805,0
                39.851768,48.5534298,0
                39.8559979,48.5607288,0
                39.8466015,48.5703285,0
                39.8203858,48.5783226,0
                39.8268417,48.5848116,0
                39.8216242,48.5865248,0
                39.8088537,48.5841497,0
                39.7981424,48.5904037,0
                39.7881157,48.5939315,0
                39.7734181,48.5921451,0
                39.7673037,48.586492,0
                39.7518714,48.5817857,0
                39.7503352,48.590106,0
                39.7446784,48.5911591,0
                39.7378288,48.5864511,0
                39.7234271,48.5853757,0
                39.6853677,48.5885556,0
                39.6586473,48.6076137,0
                39.6697989,48.622038,0
                39.6940076,48.6378212,0
                39.691449,48.6463464,0
                39.7100832,48.6567341,0
                39.7101345,48.6662364,0
                39.7029508,48.6696277,0
                39.7130916,48.6747243,0
                39.7191149,48.684808,0
                39.7191783,48.700832,0
                39.7062345,48.7061367,0
                39.7132982,48.7190318,0
                39.7384584,48.7433345,0
                39.7375373,48.7649193,0
                39.7824281,48.7945015,0
                39.7840845,48.8195606,0
                39.8036036,48.8428101,0
                39.8267957,48.8319447,0
                39.8870486,48.8210638,0
                39.9415944,48.7992766,0
                39.9792528,48.795471,0
                40.0768422,48.8707207,0
                40.0558979,48.9118412,0
                40.0308119,48.9168484,0
                40.006731,48.9024821,0
                39.9929244,48.870114,0
                39.9543215,48.8739909,0
                39.9223989,48.8961751,0
                39.8530519,48.8917228,0
                39.8448039,48.9030626,0
                39.8365542,48.9017631,0
                39.829683,48.8875252,0
                39.7787554,48.9233591,0
                39.7910732,48.9395328,0
                39.7800455,48.9466855,0
                39.7607272,48.973619,0
                39.6693314,48.9899395,0
                39.6925842,49.0506586,0
                39.737102,49.0438816,0
                39.7692549,49.0433932,0
                39.8061124,49.061302,0
                39.8825885,49.0646687,0
                39.9137434,49.0563139,0
                39.9394011,49.0578509,0
                39.9391061,49.08291,0
                39.9805996,49.1341448,0
                40.0317963,49.1790712,0
                40.0801002,49.1880435,0
                40.1373727,49.2393271,0
                40.1842024,49.2380729,0
                40.2131134,49.2437161,0
                40.2173102,49.2529431,0
                40.1831634,49.3000687,0
                40.1956882,49.345402,0
                40.1496077,49.3762426,0
                40.1110432,49.3878598,0
                40.0820699,49.4084058,0
                40.0636705,49.4343095,0
                40.0295334,49.4557505,0
                40.042247,49.4986964,0
                40.0387963,49.5203772,0
                40.1640286,49.569224,0
                40.1381478,49.5958424,0
                40.1314777,49.6162274,0
                40.0651573,49.5982281,0
                40.0578965,49.6060259,0
                39.9529806,49.5970834,0
                39.9340374,49.5719717,0
                39.8933275,49.5572677,0
                39.839201,49.5634338,0
                39.8077859,49.556993,0
                39.7542527,49.5957897,0
                39.7198213,49.6038817,0
                39.6865185,49.6111203,0
                39.6568729,49.6148662,0
                39.6399861,49.6348418,0
                39.6140306,49.6918109,0
                39.5920718,49.7195677,0
                39.6085817,49.7316535,0
                39.5961982,49.7362844,0
                39.4387048,49.7603877,0
                39.3759588,49.7400196,0
                39.286426,49.7559299,0
                39.2655612,49.7687285,0
                39.2526675,49.7774662,0
                39.229606,49.8082311,0
                39.2279177,49.8391076,0
                39.1890309,49.882342,0
                39.1789577,49.8883986,0
                39.1305246,49.8620391,0
                39.1161418,49.841116,0
                39.0668617,49.8159511,0
                39.0327769,49.8231303,0
                38.960956,49.8004899,0
                38.9317346,49.7973257,0
                38.9187308,49.8582622,0
                38.896701,49.8737713,0
                38.8360701,49.8745037,0
                38.7970729,49.8838157,0
                38.790531,49.877629,0
                38.7717686,49.8961888,0
                38.7451712,49.8978222,0
                38.7330863,49.90548,0
                38.7251883,49.9269908,0
                38.692778,49.9345314,0
                38.6881215,49.9611343,0
                38.7171309,49.9826799,0
                38.7132948,49.9877889,0
                38.70418,49.9926866,0
                38.7009897,49.9989541,0
                38.6862359,50.0088088,0
                38.6769816,49.9993057,0
                38.679917,49.9755677,0
                38.6669837,49.9725321,0
                38.6474738,49.9564342,0
                38.6150714,49.9748814,0
                38.5830682,49.9779131,0
                38.5263593,49.9597302,0
                38.4890686,49.9632258,0
                38.4792325,49.9834999,0
                38.4664226,49.9834165,0
                38.4668883,49.9956147,0
                38.4362191,49.9988121,0
                38.416897,49.9825865,0
                38.3989518,49.9910804,0
                38.3511782,50.0056359,0
                38.3539385,50.0252651,0
                38.348795,50.0407574,0
                38.3340316,50.058013,0
                38.3292153,50.0854693,0
                38.315478,50.0876917,0
                38.3022566,50.0874881,0
                38.2780543,50.0731825,0
                38.2378957,50.0736428,0
                38.1781776,50.0798231,0
                38.1865093,50.0247373,0
                38.206456,49.9927779,0
                38.2177968,49.9869502,0
                38.2183163,49.9808355,0
                38.2126568,49.9758246,0
                38.1970291,49.9701911,0
                38.1965122,49.9666011,0
                38.1977118,49.9619069,0
                38.1848006,49.9582045,0
                38.1720633,49.9542802,0
                38.1627264,49.9515107,0
                38.1719098,49.9417805,0
                38.1420055,49.9296251,0
                38.1405995,49.9302852,0
                38.135042,49.928069,0
                38.1361809,49.9265155,0
                38.1270204,49.9222544,0
                38.1297562,49.9303354,0
                38.1251955,49.9424489,0
                38.0558432,49.9232418,0
                38.0369319,49.9050621,0
                38.0290122,49.9054529,0
                38.0464804,49.8865741,0
                38.0633031,49.8698704,0
                38.0691805,49.8640864,0
                38.0837302,49.8539355,0
                38.0956157,49.8456037,0
                38.0774196,49.8366366,0
                38.0743297,49.8356402,0
                38.0663924,49.8358921,0
                38.0539019,49.8370797,0
                38.0485806,49.8390726,0
                38.0178535,49.8369692,0
                38.01957,49.8344226,0
                38.0099567,49.8124951,0
                38.0301713,49.8025549,0
                38.034847,49.7999762,0
                38.0401685,49.7947683,0
                38.0557899,49.7912221,0
                38.0539012,49.7830208,0
                38.0375935,49.7836859,0
                38.0343317,49.7774787,0
                38.0242039,49.7741531,0
                38.0247189,49.7723793,0
                38.0116726,49.7651727,0
                38.0101276,49.7567453,0
                37.9994436,49.7525614,0
                37.9895282,49.752531,0
                37.9891849,49.7546382,0
                37.9867818,49.7544165,0
                37.9785424,49.7663927,0
                37.9763106,49.766947,0
                37.9678992,49.7585198,0
                37.9514195,49.7318981,0
                37.9598305,49.7181375,0
                37.9749365,49.7082586,0
                37.9907293,49.7159176,0
                37.9981106,49.7125877,0
                38.0087538,49.7139196,0
                38.0173367,49.7130316,0
                38.0180231,49.7052611,0
                37.9998271,49.6999321,0
                38.0070369,49.6947135,0
                38.0137315,49.6948244,0
                38.0140746,49.6863847,0
                38.0151046,49.6852741,0
                38.0111564,49.6843856,0
                38.0121863,49.6829417,0
                38.0156195,49.6826085,0
                38.0152762,49.6786099,0
                38.0120145,49.6776102,0
                38.0181944,49.6763884,0
                38.0266056,49.6692784,0
                38.0320985,49.6672786,0
                38.0310685,49.6647232,0
                38.0274638,49.6629454,0
                38.0296541,49.6607536,0
                38.0329566,49.6589453,0
                38.0350167,49.6590563,0
                38.0363901,49.6621676,0
                38.0472045,49.6572783,0
                37.9963931,49.6473874,0
                37.9854068,49.642719,0
                37.9893549,49.6397175,0
                37.9895265,49.6346036,0
                37.9948479,49.6330472,0
                37.9974227,49.6274878,0
                37.9929596,49.6265983,0
                37.98575,49.6263759,0
                37.9799135,49.6244856,0
                37.9754502,49.6203709,0
                37.9778535,49.618258,0
                37.9749351,49.6145877,0
                37.9742484,49.6116958,0
                37.944208,49.61114,0
                37.9421479,49.5940074,0
                37.9340388,49.5940379,0
                37.9338669,49.5892531,0
                37.9348969,49.5860258,0
                37.9367851,49.5833548,0
                37.9416989,49.5797098,0
                37.9478892,49.5751877,0
                37.9518909,49.572224,0
                37.9518909,49.5689956,0
                37.923886,49.5705566,0
                37.9229282,49.5678286,0
                37.9085529,49.5707078,0
                37.9047881,49.5705767,0
                37.9015105,49.5731693,0
                37.8982093,49.5688682,0
                37.8909937,49.5590655,0
                37.885062,49.5495153,0
                37.9276964,49.5481461,0
                37.9276449,49.5470135,0
                37.9274597,49.5431516,0
                37.9271847,49.5427612,0
                37.9265986,49.5423742,0
                37.9259789,49.5421223,0
                37.9176647,49.5337549,0
                37.9128855,49.5319203,0
                37.8966032,49.5256763,0
                37.8842426,49.5189766,0
                37.8472268,49.5205358,0
                37.8458971,49.5146634,0
                37.8423135,49.5081152,0
                37.8451081,49.5027273,0
                37.8454244,49.5025669,0
                37.840119,49.4946026,0
                37.8388746,49.4938918,0
                37.8374583,49.4926235,0
                37.8376408,49.4923517,0
                37.8382524,49.4919684,0
                37.840795,49.4918639,0
                37.8435094,49.4912575,0
                37.8503608,49.4888017,0
                37.8445679,49.4450367,0
                37.8760392,49.4466684,0
                37.8748722,49.4365611,0
                37.879507,49.4356403,0
                37.8788663,49.4294631,0
                37.8774533,49.4194438,0
                37.8759942,49.4188295,0
                37.8754791,49.4175453,0
                37.8814451,49.4167931,0
                37.8783767,49.4137085,0
                37.8810048,49.4149304,0
                37.8961717,49.4032749,0
                37.895056,49.3938907,0
                37.8918729,49.3803999,0
                37.9083271,49.3799555,0
                37.9221515,49.3800192,0
                37.9393571,49.3816077,0
                37.9421035,49.3730019,0
                37.9371253,49.3719959,0
                37.9311172,49.3649536,0
                37.927684,49.3648419,0
                37.9201309,49.3612644,0
                37.9218474,49.3583575,0
                37.9233922,49.3547795,0
                37.92427,49.3448983,0
                37.9234975,49.3443951,0
                37.9253,49.339418,0
                37.9271883,49.3363979,0
                37.9295915,49.33472,0
                37.9306215,49.3327624,0
                37.9269308,49.332315,0
                37.9150861,49.3323709,0
                37.9154294,49.3270569,0
                37.9318231,49.3275044,0
                37.9384321,49.3284554,0
                37.9525083,49.328791,0
                37.9669933,49.3279364,0
                37.96665,49.3209996,0
                37.9652767,49.3197689,0
                37.9654483,49.3163,0
                37.9678514,49.3131666,0
                37.970598,49.3123832,0
                37.9704263,49.3028698,0
                37.9705695,49.2999918,0
                37.9634027,49.299824,0
                37.9628018,49.2979489,0
                37.9645185,49.2972773,0
                37.9640035,49.2962138,0
                37.9647759,49.2941707,0
                37.9666642,49.2936108,0
                37.9681232,49.2878168,0
                37.9630856,49.2814272,0
                37.9728102,49.2747016,0
                37.9655146,49.2707815,0
                37.9678318,49.26126,0
                37.9713156,49.2543432,0
                37.962196,49.25136,0
                37.9496434,49.247424,0
                37.9431552,49.242947,0
                37.9395005,49.2443643,0
                37.9199311,49.2560739,0
                37.9178712,49.2532728,0
                37.908344,49.2481184,0
                37.9084298,49.24061,0
                37.9098031,49.2352861,0
                37.8847405,49.2322036,0
                37.878279,49.227272,0
                37.8788269,49.2262825,0
                37.8770573,49.2256853,0
                37.878668,49.2214079,0
                37.881094,49.2207182,0
                37.8818892,49.2201966,0
                37.8828321,49.219573,0
                37.8892948,49.2184885,0
                37.8897803,49.2184009,0
                37.8897106,49.2160426,0
                37.8896087,49.2137054,0
                37.8897804,49.2110141,0
                37.8929201,49.2114522,0
                37.8965979,49.212002,0
                37.8998467,49.2129441,0
                37.9084904,49.2141271,0
                37.9158028,49.2028474,0
                37.9166771,49.2025587,0
                37.9238705,49.2052153,0
                37.9285852,49.199719,0
                37.9351908,49.1920516,0
                37.9137162,49.186202,0
                37.90852,49.1840436,0
                37.9076422,49.1834911,0
                37.9052628,49.1797378,0
                37.8937957,49.1755718,0
                37.8941286,49.1748737,0
                37.9016813,49.1678558,0
                37.9035228,49.1662982,0
                37.8943711,49.1608787,0
                37.8935019,49.160891,0
                37.8930296,49.1606612,0
                37.8950146,49.1601771,0
                37.8976326,49.1591142,0
                37.9009479,49.1573881,0
                37.9020262,49.1556356,0
                37.9027183,49.1552022,0
                37.9050626,49.1544671,0
                37.9057331,49.1539285,0
                37.9062515,49.1530988,0
                37.9073921,49.1522832,0
                37.9120763,49.1504063,0
                37.9142785,49.1490905,0
                37.9171163,49.1478518,0
                37.9180497,49.1465219,0
                37.9190045,49.1456411,0
                37.922714,49.144462,0
                37.9252406,49.1439883,0
                37.9305385,49.1423436,0
                37.9430693,49.1390945,0
                37.94492,49.1386067,0
                37.9539161,49.1415908,0
                37.9545437,49.1410232,0
                37.9561904,49.1391501,0
                37.9579496,49.136597,0
                37.9599467,49.1357541,0
                37.9726658,49.1344483,0
                37.9737317,49.1342446,0
                37.9766474,49.1332918,0
                37.9815423,49.1304961,0
                37.994486,49.1297059,0
                38.0082998,49.128098,0
                38.0315779,49.1260899,0
                38.038337,49.1257248,0
                38.039324,49.126469,0
                38.0401609,49.1324504,0
                38.0401396,49.1359744,0
                38.0409979,49.1364096,0
                38.0406546,49.1376029,0
                38.0439163,49.1491131,0
                38.0535294,49.1479902,0
                38.0579926,49.1484393,0
                38.065374,49.1468111,0
                38.0690647,49.1465865,0
                38.0783344,49.1476532,0
                38.0819393,49.1478707,0
                38.0827118,49.1439476,0
                38.0820573,49.1428281,0
                38.0822745,49.1424176,0
                38.0829465,49.1420298,0
                38.0830926,49.1416841,0
                38.0830792,49.1406259,0
                38.0840849,49.1356371,0
                38.0763171,49.114576,0
                38.0676974,49.0963235,0
                38.0617464,49.0629034,0
                38.0537425,49.0601583,0
                38.0528093,49.0594447,0
                38.053099,49.0583971,0
                38.0566689,49.0547856,0
                38.0606244,49.0510333,0
                38.073403,49.0389292,0
                38.0795602,49.0279829,0
                38.0845904,49.019418,0
                38.0854023,49.018478,0
                38.0860354,49.0175702,0
                38.0880952,49.0166696,0
                38.0891252,49.0150934,0
                38.0892137,49.0147538,0
                38.0895825,49.0141232,0
                38.0899459,49.0127466,0
                38.0907559,49.0113779,0
                38.0918717,49.0087882,0
                38.0983947,48.99916,0
                38.0989363,48.9923055,0
                38.0983542,48.9919618,0
                38.0940674,48.9920019,0
                38.0878064,48.9920205,0
                38.0794151,48.9918602,0
                38.0765013,48.9914209,0
                38.0611857,48.9877917,0
                38.0571088,48.9863676,0
                38.0561058,48.9859583,0
                38.0536973,48.985035,0
                38.052598,48.9844891,0
                38.0518326,48.9838755,0
                38.0516378,48.9833692,0
                38.0513571,48.9821517,0
                38.0513216,48.9812764,0
                38.0518553,48.9798654,0
                38.0522576,48.9791304,0
                38.0575913,48.9756059,0
                38.0579298,48.9751112,0
                38.0576675,48.9742785,0
                38.0542933,48.9715107,0
                38.0534833,48.9705449,0
                38.0533405,48.9699951,0
                38.0530756,48.9692605,0
                38.0541268,48.9646258,0
                38.0449613,48.9682509,0
                38.0377225,48.9708977,0
                38.029882,48.9739172,0
                38.0210023,48.9642783,0
                38.0048823,48.9460222,0
                38.0052554,48.9460691,0
                38.0057296,48.9459998,0
                38.0061384,48.9457115,0
                38.0066914,48.945134,0
                38.0070943,48.9447996,0
                38.0078487,48.944411,0
                38.0082088,48.9442619,0
                38.0083767,48.9439909,0
                38.0086282,48.9436982,0
                38.0087064,48.9436156,0
                38.0089616,48.9433799,0
              </coordinates>
            </LinearRing>
          </outerBoundaryIs>
        </Polygon>
      </Placemark>
      <Placemark>
        <name>Zaporozhia Front</name>
        <styleUrl>#poly-FF5252-2982-110-nodesc</styleUrl>
        <Polygon>
          <outerBoundaryIs>
            <LinearRing>
              <tessellate>1</tessellate>
              <coordinates>
                35.9113397,47.5244241,0
                35.9118117,47.5187148,0
                35.9313409,47.5192564,0
                35.9316155,47.5170415,0
                35.9318392,47.5010994,0
                35.915899,47.5010378,0
                35.9161687,47.4994406,0
                35.9008177,47.4987707,0
                35.8719705,47.5007285,0
                35.8546757,47.5030478,0
                35.8427452,47.5050192,0
                35.8333467,47.5433383,0
                35.8323166,47.5476618,0
                35.8246776,47.5496605,0
                35.8159229,47.5539183,0
                35.8172104,47.5580599,0
                35.8160087,47.5586681,0
                35.8160946,47.5597686,0
                35.8167383,47.5607822,0
                35.8147213,47.5624039,0
                35.8130047,47.5622012,0
                35.8032629,47.5555692,0
                35.8001301,47.5545555,0
                35.7978126,47.5524122,0
                35.8017179,47.5507902,0
                35.8039924,47.5484729,0
                35.8033058,47.5449389,0
                35.8013317,47.5430269,0
                35.8000442,47.5427662,0
                35.7993147,47.5405934,0
                35.7995722,47.5387103,0
                35.7991861,47.532213,0
                35.7892561,47.4909724,0
                35.7462895,47.4898123,0
                35.7107311,47.5158195,0
                35.697752,47.5110796,0
                35.6909531,47.5132955,0
                35.6798904,47.5135779,0
                35.6752686,47.5204035,0
                35.6360274,47.5083254,0
                35.6309277,47.5165536,0
                35.6220506,47.5145785,0
                35.6160395,47.5242352,0
                35.6028216,47.5205257,0
                35.5955689,47.5302047,0
                35.597543,47.5321461,0
                35.5937664,47.5477326,0
                35.5952685,47.549123,0
                35.5927365,47.5590863,0
                35.586545,47.5597668,0
                35.5755274,47.5585651,0
                35.5760853,47.5558427,0
                35.5514519,47.5524829,0
                35.5433409,47.5517299,0
                35.5428259,47.553207,0
                35.5354445,47.5523381,0
                35.5318825,47.5513243,0
                35.5263464,47.5476457,0
                35.5063479,47.5463132,0
                35.4925291,47.5474719,0
                35.487551,47.5471822,0
                35.4625742,47.5474139,0
                35.4629605,47.5417361,0
                35.4584973,47.540867,0
                35.4557936,47.5389259,0
                35.4559805,47.5336772,0
                35.4506206,47.5331547,0
                35.445858,47.5329346,0
                35.4310093,47.5383237,0
                35.4123841,47.5456821,0
                35.4080926,47.5560226,0
                35.4025564,47.5585712,0
                35.3927691,47.5584203,0
                35.3920792,47.5651037,0
                35.3776524,47.5646848,0
                35.3769498,47.5703336,0
                35.3762163,47.5761008,0
                35.3702235,47.5767907,0
                35.3674921,47.5788701,0
                35.3635867,47.5832994,0
                35.347279,47.5820835,0
                35.3470215,47.5801151,0
                35.3354343,47.5771622,0
                35.3296836,47.5751935,0
                35.3276237,47.5744408,0
                35.3262504,47.573109,0
                35.3229888,47.5727036,0
                35.3224739,47.5718929,0
                35.328482,47.5632062,0
                35.3304965,47.5528866,0
                35.3372342,47.5291598,0
                35.3353261,47.5254983,0
                35.3256471,47.5173796,0
                35.3165912,47.5136616,0
                35.299589,47.5112816,0
                35.2820854,47.5051005,0
                35.2745763,47.4964352,0
                35.267199,47.4735219,0
                35.2076712,47.4464689,0
                35.187305,47.4435462,0
                35.0644381,47.4532214,0
                34.9562368,47.3907025,0
                34.8663789,47.4159852,0
                34.8753506,47.4524043,0
                34.8018169,47.4665071,0
                34.7512726,47.4958032,0
                34.6875121,47.4965226,0
                34.6319329,47.5473027,0
                34.5329282,47.5298348,0
                34.5108789,47.5030621,0
                34.4222459,47.498513,0
                34.3857868,47.5124843,0
                34.2471671,47.4244567,0
                34.2565347,47.3953603,0
                34.2517284,47.3916415,0
                34.2608264,47.3594991,0
                34.272242,47.3612432,0
                34.2829294,47.3259666,0
                34.2929271,47.2748351,0
                34.3056302,47.2689532,0
                34.3289759,47.2902068,0
                34.3579864,47.2930012,0
                34.3698309,47.2832199,0
                34.4007298,47.2869462,0
                34.3991849,47.2981817,0
                34.4194402,47.3011483,0
                34.413563,47.323315,0
                34.4749319,47.3300637,0
                34.4878924,47.2801269,0
                34.5184481,47.2832711,0
                34.52199,47.2676045,0
                34.5284808,47.267401,0
                34.5301639,47.2527523,0
                34.4899522,47.246897,0
                34.5193494,47.1047576,0
                34.5530377,47.1058529,0
                34.5672426,47.0244114,0
                34.5909959,47.0266644,0
                34.5989569,46.9920456,0
                34.6191273,46.9942702,0
                34.6236333,46.9731615,0
                34.6526423,46.9768838,0
                34.6815261,46.9793398,0
                34.687148,46.9557353,0
                34.7359856,46.9617985,0
                34.7527869,46.8791835,0
                34.8045644,46.883862,0
                34.8142202,46.8298641,0
                34.7598035,46.8218773,0
                34.7676999,46.7815726,0
                34.7507054,46.7811023,0
                34.7495038,46.7582925,0
                34.7340347,46.7571029,0
                34.7347409,46.7473544,0
                34.6583516,46.7395905,0
                34.6614415,46.7278251,0
                34.6259076,46.7237065,0
                34.6319157,46.6867434,0
                34.6801526,46.6920421,0
                34.6837613,46.6769332,0
                34.7148925,46.6805471,0
                34.7461132,46.6832104,0
                34.7560267,46.6270072,0
                34.7130086,46.6202072,0
                34.7233942,46.5811379,0
                34.7480015,46.5836366,0
                34.7575715,46.5499717,0
                34.8914993,46.564587,0
                34.8950842,46.5379811,0
                34.8844232,46.5357629,0
                34.8906043,46.5058723,0
                34.9454226,46.5113181,0
                34.947944,46.5052104,0
                35.0208861,46.4801111,0
                35.0547173,46.4825203,0
                35.0701073,46.3771912,0
                35.0582638,46.3756522,0
                35.0733697,46.2993272,0
                35.1342221,46.2995254,0
                35.215291,46.2857866,0
                35.2939062,46.2559078,0
                35.4634924,46.4294121,0
                35.6118818,46.4800892,0
                35.7001324,46.5609011,0
                35.9005967,46.6493315,0
                36.1124031,46.6544013,0
                36.2195198,46.6657116,0
                36.2469856,46.6053626,0
                36.1508552,46.5449464,0
                36.0959236,46.4636561,0
                36.1783211,46.4958087,0
                36.3925545,46.7222276,0
                36.6754524,46.7805653,0
                36.7935554,46.7410531,0
                36.763343,46.6732504,0
                36.744117,46.6317736,0
                36.7715828,46.6242289,0
                36.8979255,46.8012506,0
                37.0634071,46.8829737,0
                37.0201484,46.9261334,0
                37.0908729,46.9701954,0
                37.1039192,46.9598863,0
                37.143058,46.981908,0
                37.0881264,47.0071983,0
                37.1238319,47.0390283,0
                37.0977394,47.0586785,0
                37.0798866,47.0474507,0
                37.0283882,47.065227,0
                36.9274513,47.3181281,0
                36.9432442,47.3199901,0
                36.9446174,47.3102141,0
                37.0283882,47.3134729,0
                37.0393745,47.2985737,0
                37.0840065,47.3153351,0
                37.0826332,47.3255755,0
                37.1210853,47.3400019,0
                37.1094124,47.376748,0
                37.1423713,47.3800027,0
                37.1615974,47.3400019,0
                37.2034828,47.3558198,0
                37.1931831,47.372563,0
                37.2316353,47.4353028,0
                37.239875,47.4566637,0
                37.2446815,47.4682693,0
                37.1883766,47.4701259,0
                37.1794502,47.4817285,0
                37.1718971,47.4682693,0
                37.1368782,47.4636274,0
                37.0841308,47.4961098,0
                37.0772643,47.4919343,0
                37.0225043,47.5527941,0
                37.001905,47.5391213,0
                36.9804473,47.56044,0
                36.9672294,47.5533733,0
                36.9452567,47.5764234,0
                36.8937583,47.5447994,0
                36.829557,47.6241128,0
                36.764154,47.6006208,0
                36.7624374,47.6075653,0
                36.7468162,47.6061765,0
                36.7438979,47.6214517,0
                36.7658706,47.6231872,0
                36.7660422,47.634756,0
                36.7255302,47.6297817,0
                36.7181487,47.658117,0
                36.752996,47.6608919,0
                36.7521377,47.6655164,0
                36.7679305,47.66621,0
                36.7744536,47.6640135,0
                36.7754836,47.6660944,0
                36.7758269,47.6688689,0
                36.7770286,47.6671349,0
                36.7792602,47.6674817,0
                36.7794318,47.6693313,0
                36.7813201,47.6704872,0
                36.7823501,47.6723367,0
                36.7845817,47.6731459,0
                36.7799468,47.6749953,0
                36.7837234,47.6791562,0
                36.7924781,47.6805431,0
                36.7902465,47.6844724,0
                36.7136855,47.6786939,0
                36.6999837,47.732349,0
                36.6855641,47.7306171,0
                36.6809982,47.7478049,0
                36.6789728,47.7572642,0
                36.6800898,47.7597494,0
                36.6764857,47.7741776,0
                36.6738208,47.7839303,0
                36.6711973,47.7932435,0
                36.6594072,47.7918578,0
                36.650469,47.7907035,0
                36.6452812,47.7901657,0
                36.641896,47.7897359,0
                36.6311877,47.7885205,0
                36.6257267,47.7880124,0
                36.6235488,47.7877205,0
                36.6222076,47.7875978,0
                36.6222613,47.7868913,0
                36.616296,47.7857884,0
                36.6146385,47.7858136,0
                36.6116505,47.7859253,0
                36.5988937,47.7840801,0
                36.595879,47.7837771,0
                36.5958745,47.7825767,0
                36.5869902,47.7854785,0
                36.5884204,47.8159481,0
                36.5987952,47.817036,0
                36.6078991,47.840773,0
                36.6434806,47.9041092,0
                36.5842847,47.9009688,0
                36.5916447,47.9110952,0
                36.5423993,47.9058021,0
                36.5460878,47.8916433,0
                36.549864,47.8774311,0
                36.5769116,47.8797839,0
                36.5846895,47.8473965,0
                36.5219905,47.8365486,0
                36.5225837,47.8283518,0
                36.4749553,47.8244504,0
                36.4676414,47.8241574,0
                36.4583196,47.8243276,0
                36.4532894,47.8241515,0
                36.4370788,47.8270072,0
                36.4316956,47.8263657,0
                36.4257639,47.8288107,0
                36.4234416,47.8288662,0
                36.4211622,47.829181,0
                36.4202836,47.8288815,0
                36.4191047,47.828265,0
                36.4174537,47.8282536,0
                36.4163922,47.8278733,0
                36.4148586,47.8276659,0
                36.4064711,47.8299618,0
                36.3984264,47.8313353,0
                36.3917884,47.8313042,0
                36.3892701,47.8319643,0
                36.3876102,47.8307805,0
                36.3849204,47.8307491,0
                36.3830874,47.8315453,0
                36.3822003,47.8311452,0
                36.3805905,47.8304924,0
                36.3783296,47.8306783,0
                36.376254,47.8299841,0
                36.374514,47.8376442,0
                36.3273347,47.8393666,0
                36.324116,47.8390215,0
                36.3230652,47.8352755,0
                36.3276896,47.83202,0
                36.3310314,47.8269349,0
                36.3312829,47.8202363,0
                36.2966073,47.8157408,0
                36.2754071,47.8147033,0
                36.2433923,47.8130895,0
                36.2487138,47.7805705,0
                36.2128365,47.7793593,0
                36.1629689,47.7789556,0
                36.1646336,47.7647516,0
                36.1429809,47.7659571,0
                36.1247614,47.7648515,0
                36.1032843,47.7568814,0
                36.1043918,47.7494347,0
                36.1136994,47.7496357,0
                36.1142507,47.7371381,0
                36.123931,47.7337868,0
                36.1009405,47.7325892,0
                36.0800795,47.7301159,0
                36.0841136,47.7123315,0
                36.0632567,47.7099636,0
                36.055017,47.7070181,0
                36.0692649,47.7006644,0
                36.0754447,47.6948299,0
                36.0830836,47.6883591,0
                36.0837703,47.685239,0
                36.0947566,47.6863947,0
                36.096044,47.6806741,0
                36.0998206,47.6810208,0
                36.1003356,47.6780158,0
                36.109262,47.6787093,0
                36.1126952,47.6638555,0
                36.1277156,47.6655318,0
                36.130033,47.656745,0
                36.1360411,47.6526979,0
                36.1381869,47.6525823,0
                36.1460833,47.648188,0
                36.1432509,47.6453546,0
                36.142221,47.64015,0
                36.1458688,47.6363475,0
                36.1333573,47.6314961,0
                36.1045593,47.6236018,0
                36.0929311,47.6221829,0
                36.049768,47.6177432,0
                36.0473648,47.6045503,0
                36.0227854,47.6060205,0
                36.0219192,47.5884259,0
                36.0199878,47.5845969,0
                36.0067272,47.5853988,0
                36.0073302,47.5732239,0
                35.9683863,47.5704561,0
                35.9663649,47.5638291,0
                35.9443019,47.5649307,0
                35.9417279,47.5528881,0
                35.9648968,47.551515,0
                35.9774127,47.5521314,0
                35.978929,47.5454882,0
                36.0121602,47.5476148,0
                36.0128765,47.5422529,0
                36.0016113,47.5414939,0
                36.0025995,47.5339533,0
                35.9951795,47.533135,0
                35.9920514,47.5290712,0
                35.991657,47.5269854,0
                35.9866282,47.5273628,0
                35.9857255,47.518326,0
                35.9807707,47.5189212,0
                35.9723399,47.5210227,0
                35.9659682,47.5244568,0
                35.9567912,47.5250351,0
                35.9507101,47.5273497,0
                35.944039,47.5313396,0
                35.9396209,47.5351455,0
                35.9397926,47.5365073,0
                35.9340848,47.5372316,0
                35.9277333,47.5368839,0
                35.9227981,47.5380428,0
                35.921296,47.5410269,0
                35.9152021,47.5425623,0
                35.9136142,47.5419539,0
                35.9127629,47.5416453,0
                35.9100093,47.5412007,0
                35.9038724,47.5420119,0
                35.896963,47.5446481,0
                35.8879508,47.5320742,0
                35.8877362,47.5274669,0
                35.8903541,47.5271482,0
                35.9012546,47.5265976,0
                35.9113397,47.5244241,0
              </coordinates>
            </LinearRing>
          </outerBoundaryIs>
        </Polygon>
      </Placemark>
      <Placemark>
        <name>Kherson Front</name>
        <styleUrl>#poly-FF5252-501-128-nodesc</styleUrl>
        <Polygon>
          <outerBoundaryIs>
            <LinearRing>
              <tessellate>1</tessellate>
              <coordinates>
                33.4614935,45.1643125,0
                33.5885184,45.0199643,0
                33.5611455,44.8464999,0
                33.3735466,44.5843225,0
                33.4647372,44.4998088,0
                33.6396663,44.410244,0
                33.7534719,44.3777089,0
                34.0025836,44.3824289,0
                34.1337048,44.412349,0
                34.3816699,44.5548629,0
                34.4661905,44.6663611,0
                34.5426748,44.7015949,0
                34.66331,44.7573095,0
                34.8537241,44.7990629,0
                35.0863572,44.789246,0
                35.379803,44.9546833,0
                35.5084304,45.1106702,0
                35.7005838,45.0948118,0
                35.8475569,44.995188,0
                36.4650894,45.0767253,0
                36.4225715,45.2289804,0
                36.567028,45.3076833,0
                36.66949,45.3684355,0
                36.6713013,45.439865,0
                36.3355535,45.4804357,0
                35.8458084,45.4655857,0
                35.4941896,45.2993487,0
                35.2590675,45.4567809,0
                35.0111479,45.7215413,0
                34.8571973,46.0523321,0
                34.9862865,46.0637672,0
                35.1689342,46.101868,0
                35.236226,46.1970065,0
                35.2939062,46.2559078,0
                35.2781133,46.2651651,0
                35.215291,46.2857866,0
                35.1696071,46.2930953,0
                35.1342221,46.2995254,0
                35.1056983,46.3021513,0
                35.0733697,46.2993272,0
                35.0582638,46.3756522,0
                35.0701073,46.3771912,0
                35.0675337,46.3957824,0
                35.0547173,46.4825203,0
                35.0208861,46.4801111,0
                34.947944,46.5052104,0
                34.9454226,46.5113181,0
                34.8906043,46.5058723,0
                34.8844232,46.5357629,0
                34.8950842,46.5379811,0
                34.8914993,46.564587,0
                34.7575715,46.5499717,0
                34.7480015,46.5836366,0
                34.7233942,46.5811379,0
                34.7130086,46.6202072,0
                34.7560267,46.6270072,0
                34.7461132,46.6832104,0
                34.7147424,46.6804881,0
                34.6837613,46.6769332,0
                34.6801526,46.6920421,0
                34.6319157,46.6867434,0
                34.6259076,46.7237065,0
                34.6614415,46.7278251,0
                34.6583516,46.7395905,0
                34.7347409,46.7473544,0
                34.7340347,46.7571029,0
                34.7495038,46.7582925,0
                34.7507054,46.7811023,0
                34.7676999,46.7815726,0
                34.7598035,46.8218773,0
                34.8142202,46.8298641,0
                34.8045644,46.883862,0
                34.7527869,46.8791835,0
                34.7359856,46.9617985,0
                34.687148,46.9557353,0
                34.6815261,46.9793398,0
                34.652299,46.9769131,0
                34.6441133,46.9758068,0
                34.6236333,46.9731615,0
                34.6191273,46.9942702,0
                34.5989569,46.9920456,0
                34.5909959,47.0266644,0
                34.5672426,47.0244114,0
                34.5530377,47.1058529,0
                34.5193494,47.1047576,0
                34.4899522,47.246897,0
                34.5301639,47.2527523,0
                34.5284808,47.267401,0
                34.52199,47.2676045,0
                34.5184481,47.2832711,0
                34.4878924,47.2801269,0
                34.4749319,47.3300637,0
                34.413563,47.323315,0
                34.4194402,47.3011483,0
                34.3991849,47.2981817,0
                34.4007298,47.2869462,0
                34.3698309,47.2832199,0
                34.3579864,47.2930012,0
                34.3289759,47.2902068,0
                34.3080334,47.2711079,0
                34.3056302,47.2689532,0
                34.2997939,47.2715741,0
                34.2929271,47.2748351,0
                34.281254,47.3241953,0
                34.2829294,47.3259666,0
                34.272242,47.3612432,0
                34.2608264,47.3594991,0
                34.2517284,47.3916415,0
                34.2565347,47.3953603,0
                34.2512514,47.4132193,0
                34.2471671,47.4244567,0
                34.2459505,47.4267212,0
                34.2253081,47.4191719,0
                34.2205017,47.4175458,0
                34.21724,47.4151065,0
                34.2067687,47.4106923,0
                34.195954,47.4103438,0
                34.186856,47.4112731,0
                34.1732947,47.4155714,0
                34.1468591,47.4239343,0
                34.136731,47.422076,0
                34.1283196,47.4177784,0
                34.1187066,47.4158038,0
                34.1118401,47.4165008,0
                34.0943308,47.4206823,0
                34.0814561,47.4219599,0
                34.0682383,47.4226569,0
                34.0598268,47.4213794,0
                34.0526171,47.4182434,0
                34.0459222,47.4151071,0
                34.0440339,47.4099958,0
                34.0484971,47.4063944,0
                34.0436905,47.4050002,0
                34.030644,47.3709479,0
                34.0165677,47.3438529,0
                34.0335619,47.3224463,0
                34.008156,47.2978878,0
                34.0072976,47.290553,0
                33.9937362,47.2658631,0
                33.9906461,47.2502513,0
                33.9856678,47.2302055,0
                33.9712482,47.2135339,0
                33.9537387,47.201989,0
                33.9384607,47.1892749,0
                33.9231828,47.1708399,0
                33.9091063,47.1622037,0
                33.8989784,47.1568344,0
                33.8824989,47.1508809,0
                33.8706543,47.1473788,0
                33.8588097,47.1411907,0
                33.8510848,47.1362864,0
                33.8503981,47.1198188,0
                33.8454199,47.1028787,0
                33.8399265,47.0934132,0
                33.8272236,47.0805563,0
                33.8196704,47.0724899,0
                33.8100572,47.0627852,0
                33.8110872,47.0579906,0
                33.8025041,47.0553008,0
                33.7927194,47.0481663,0
                33.7918611,47.0451251,0
                33.7858529,47.0454761,0
                33.7812181,47.0444233,0
                33.7688584,47.0395103,0
                33.7618202,47.0310866,0
                33.7540955,47.0265232,0
                33.7460273,47.0221936,0
                33.7300627,47.0156399,0
                33.7182182,47.0085001,0
                33.7089484,47.0014764,0
                33.698992,46.9926955,0
                33.7017386,46.9852013,0
                33.7007085,46.9772376,0
                33.6986484,46.9604865,0
                33.7029399,46.9553312,0
                33.696245,46.9450192,0
                33.6971033,46.9365807,0
                33.6989915,46.9338847,0
                33.6981333,46.930837,0
                33.6898935,46.92181,0
                33.6900651,46.91712,0
                33.693155,46.9100843,0
                33.6849152,46.9008192,0
                33.6802802,46.8985907,0
                33.6722121,46.8991772,0
                33.6672341,46.9028132,0
                33.658651,46.9038689,0
                33.6481797,46.9019923,0
                33.6366783,46.8968314,0
                33.6354767,46.8906143,0
                33.6385664,46.8670293,0
                33.6430296,46.8623346,0
                33.6377078,46.8447256,0
                33.6377078,46.8399115,0
                33.6282665,46.838385,0
                33.6232884,46.831339,0
                33.6160785,46.8253492,0
                33.6121303,46.8255841,0
                33.6073954,46.8231758,0
                33.60452,46.8246147,0
                33.6019451,46.8254369,0
                33.6007006,46.8260535,0
                33.5992414,46.8265527,0
                33.5931905,46.8249083,0
                33.5794146,46.8206505,0
                33.5754663,46.8187123,0
                33.5737496,46.8152175,0
                33.5691149,46.817009,0
                33.5461552,46.8170385,0
                33.541692,46.8175672,0
                33.5383876,46.8175084,0
                33.5354693,46.8186831,0
                33.5146126,46.8203864,0
                33.5049995,46.8206213,0
                33.5037978,46.8200046,0
                33.4973176,46.8207388,0
                33.4917386,46.8204745,0
                33.4753451,46.8184188,0
                33.4637578,46.8160696,0
                33.4588226,46.8115172,0
                33.4559902,46.8093437,0
                33.4534152,46.8049964,0
                33.451012,46.8025289,0
                33.4489092,46.8024701,0
                33.4460338,46.8002669,0
                33.4439309,46.797946,0
                33.4409698,46.7974172,0
                33.4373219,46.7969472,0
                33.4344465,46.7943912,0
                33.4244902,46.788309,0
                33.4238464,46.7875744,0
                33.4216578,46.7875744,0
                33.4195549,46.7869868,0
                33.4186109,46.7859583,0
                33.417538,46.7828727,0
                33.4145767,46.7811977,0
                33.4139331,46.7813446,0
                33.3914455,46.7817855,0
                33.3879693,46.7818737,0
                33.3715755,46.7769658,0
                33.3589583,46.7695004,0
                33.3420823,46.7677885,0
                33.3427689,46.7709631,0
                33.3448288,46.7735497,0
                33.3427689,46.7760185,0
                33.3379624,46.7754307,0
                33.330066,46.7697874,0
                33.317363,46.767083,0
                33.30569,46.7688467,0
                33.2926438,46.7746078,0
                33.286979,46.7801331,0
                33.2821724,46.7831894,0
                33.2638047,46.7814261,0
                33.2282708,46.7853052,0
                33.2160828,46.7824841,0
                33.2111046,46.7830718,0
                33.2047532,46.7875384,0
                33.1863854,46.7880086,0
                33.1601212,46.7868332,0
                33.155658,46.7850701,0
                33.178489,46.7777819,0
                33.1869004,46.7755483,0
                33.1915889,46.7684133,0
                33.1900868,46.7667965,0
                33.1766113,46.764974,0
                33.1706891,46.7634748,0
                33.1658397,46.7628576,0
                33.1586298,46.7607409,0
                33.1436095,46.7571835,0
                33.1385025,46.7557722,0
                33.1321081,46.7548608,0
                33.130177,46.7541845,0
                33.1275163,46.753126,0
                33.1246838,46.7523909,0
                33.122023,46.7522439,0
                33.1190619,46.7511854,0
                33.1136117,46.7509501,0
                33.1114659,46.7488036,0
                33.1090627,46.7483625,0
                33.1017241,46.7434517,0
                33.0855844,46.7368791,0
                33.0775306,46.7334962,0
                33.0755673,46.7334079,0
                33.0685824,46.7313638,0
                33.0635508,46.729334,0
                33.0631647,46.7291869,0
                33.0621776,46.7290986,0
                33.0558904,46.7275101,0
                33.0552897,46.7272159,0
                33.0543026,46.72701,0
                33.0528435,46.7268629,0
                33.0515131,46.7268041,0
                33.0501397,46.7268629,0
                33.0488953,46.7266276,0
                33.0494102,46.7248919,0
                33.0425437,46.7231269,0
                33.0185111,46.7177133,0
                33.0114625,46.7260225,0
                32.9860567,46.7377296,0
                32.979276,46.737259,0
                32.9333566,46.730788,0
                32.9301057,46.7179491,0
                32.9235826,46.7178315,0
                32.9156861,46.7144183,0
                32.9120813,46.7125351,0
                32.9064164,46.7112404,0
                32.9028115,46.7113581,0
                32.8956018,46.7033538,0
                32.8897652,46.6995866,0
                32.8911385,46.6960546,0
                32.89234,46.6918159,0
                32.8878768,46.6873413,0
                32.8810104,46.6855751,0
                32.8731139,46.6831021,0
                32.8698524,46.677449,0
                32.8598959,46.6684973,0
                32.8499395,46.6692041,0
                32.8410131,46.6696754,0
                32.8324302,46.6682618,0
                32.8221304,46.6609578,0
                32.8104574,46.6593085,0
                32.8022177,46.6574234,0
                32.7932914,46.6578946,0
                32.7826483,46.6510608,0
                32.7534659,46.6529463,0
                32.7404198,46.656481,0
                32.7297767,46.6527106,0
                32.7256568,46.6489399,0
                32.7126104,46.635976,0
                32.7074607,46.6333828,0
                32.7005941,46.6336186,0
                32.6868612,46.6322042,0
                32.6741584,46.6303182,0
                32.6672918,46.6258386,0
                32.6580221,46.6234807,0
                32.6463492,46.6194722,0
                32.6411993,46.615935,0
                32.6422293,46.6133409,0
                32.6425726,46.610275,0
                32.6374228,46.6114542,0
                32.6312429,46.6121617,0
                32.6274663,46.610275,0
                32.6216297,46.5925836,0
                32.6144199,46.594471,0
                32.6096134,46.5888087,0
                32.5996572,46.5914039,0
                32.5982839,46.5873931,0
                32.5907307,46.582202,0
                32.5763111,46.5722904,0
                32.5646381,46.5722905,0
                32.5577717,46.5701663,0
                32.5526218,46.5708744,0
                32.548502,46.5718184,0
                32.5440387,46.5715825,0
                32.5351124,46.5713464,0
                32.5254994,46.5689862,0
                32.5251559,46.5656817,0
                32.521036,46.5611968,0
                32.5158862,46.5623771,0
                32.499903,46.5664424,0
                32.4954398,46.5663244,0
                32.4909766,46.5703369,0
                32.4839384,46.571871,0
                32.476042,46.5699828,0
                32.4533827,46.5599509,0
                32.4425681,46.5620755,0
                32.4310667,46.560423,0
                32.4276335,46.5560557,0
                32.422312,46.5582984,0
                32.4152739,46.5579443,0
                32.4027426,46.5531045,0
                32.3945029,46.5474379,0
                32.3855765,46.5455489,0
                32.3742468,46.5459031,0
                32.3670371,46.5451947,0
                32.3615439,46.545667,0
                32.3567374,46.5482643,0
                32.3502142,46.5472018,0
                32.3303015,46.5377561,0
                32.3064406,46.533505,0
                32.2966559,46.5353944,0
                32.2939093,46.5379922,0
                32.2918494,46.5382284,0
                32.2885878,46.5370476,0
                32.2825797,46.5209859,0
                32.2553042,46.503332,0
                32.2498111,46.496242,0
                32.241436,46.4756737,0
                32.2002373,46.4870215,0
                32.1494259,46.5134901,0
                32.1109738,46.5182156,0
                32.0766413,46.4974218,0
                32.0203364,46.4851311,0
                31.9296995,46.5040395,0
                31.7484257,46.5456147,0
                31.5534187,46.553171,0
                31.5286996,46.5805513,0
                31.501234,46.589046,0
                31.5094734,46.5569484,0
                31.6275757,46.4756759,0
                31.7209589,46.396176,0
                31.7690236,46.3459559,0
                31.7058517,46.2795568,0
                31.6248275,46.2529748,0
                31.5547901,46.2947414,0
                31.5547903,46.3345796,0
                31.5520441,46.3734412,0
                31.5245785,46.3819681,0
                31.5012322,46.3554358,0
                31.5259508,46.2786082,0
                31.6481732,46.2311297,0
                32.0423068,46.1702964,0
                32.5929949,46.0589118,0
                32.9286527,46.0087775,0
                33.085048,46.0164943,0
                33.2134621,46.0570896,0
                33.4352506,46.0135232,0
                33.5385806,45.9825473,0
                33.5264654,45.9057389,0
                33.3112339,45.8155446,0
                33.1732251,45.8054493,0
                33.1481461,45.7273146,0
                32.8799575,45.65291,0
                32.4491001,45.385288,0
                32.5062156,45.3319267,0
                32.6359903,45.3130232,0
                32.7470824,45.3651869,0
                32.9012965,45.3561822,0
                33.1783564,45.1833489,0
                33.2636437,45.1438988,0
                33.4614935,45.1643125,0
              </coordinates>
            </LinearRing>
          </outerBoundaryIs>
        </Polygon>
      </Placemark>
      <Placemark>
        <name>Kharkiv Front</name>
        <styleUrl>#poly-FF5252-1801-77-nodesc</styleUrl>
        <Polygon>
          <outerBoundaryIs>
            <LinearRing>
              <tessellate>1</tessellate>
              <coordinates>
                37.8471911,49.5205249,0
                37.8842016,49.5189379,0
                37.8965621,49.5256377,0
                37.9130166,49.531853,0
                37.9177956,49.5336877,0
                37.9261097,49.5420551,0
                37.9267294,49.542307,0
                37.9273155,49.542694,0
                37.9275905,49.5430844,0
                37.9278271,49.5480789,0
                37.8851927,49.5494479,0
                37.8907171,49.5584293,0
                37.8983344,49.5688148,0
                37.9016356,49.5731158,0
                37.9049132,49.5705233,0
                37.9086779,49.5706544,0
                37.9230533,49.5677754,0
                37.9240111,49.5705034,0
                37.938872,49.5698351,0
                37.9520159,49.5689425,0
                37.9520159,49.5721709,0
                37.9369099,49.5833016,0
                37.9350217,49.5859726,0
                37.9339979,49.5903547,0
                37.9341634,49.5939847,0
                37.9421826,49.5939898,0
                37.9433036,49.6025387,0
                37.9443324,49.6110868,0
                37.974283,49.6116785,0
                37.9749697,49.6145704,0
                37.9778879,49.6182406,0
                37.9754847,49.6203536,0
                37.9799479,49.6244682,0
                37.9857843,49.6263586,0
                37.992994,49.626581,0
                37.9974572,49.6274706,0
                37.9965989,49.6303615,0
                37.9948823,49.6330299,0
                37.9895608,49.6345864,0
                37.9893891,49.6397003,0
                37.985441,49.6427017,0
                37.9964273,49.6473702,0
                38.0472387,49.6572614,0
                38.0364241,49.6621506,0
                38.0350508,49.6590393,0
                38.0329909,49.6589282,0
                38.030416,49.6599283,0
                38.0274978,49.6629284,0
                38.0311027,49.6647062,0
                38.0321326,49.6672616,0
                38.0266395,49.6692614,0
                38.022702,49.6726221,0
                38.0182282,49.6763712,0
                38.0120483,49.6775931,0
                38.0153099,49.6785928,0
                38.0156532,49.6825914,0
                38.01222,49.6829246,0
                38.01119,49.6843685,0
                38.0134216,49.6851459,0
                38.0151383,49.685257,0
                38.0141083,49.6863676,0
                38.013765,49.6948073,0
                38.0070702,49.6946963,0
                37.9998605,49.6999149,0
                38.0180565,49.705244,0
                38.0173699,49.7130145,0
                38.0087868,49.7139024,0
                37.9981439,49.7125705,0
                37.9907625,49.7159003,0
                37.9749698,49.7082413,0
                37.9598637,49.7181201,0
                37.9514523,49.7318805,0
                37.9679317,49.7585024,0
                37.9763431,49.7669297,0
                37.9785747,49.7663753,0
                37.979948,49.7646012,0
                37.9850977,49.7565063,0
                37.9868143,49.7543992,0
                37.9892176,49.754621,0
                37.9895609,49.7525138,0
                38.0007188,49.7527356,0
                38.0101601,49.7567281,0
                38.011705,49.7651556,0
                38.0247513,49.7723622,0
                38.0242363,49.774136,0
                38.0343642,49.7774617,0
                38.0376258,49.7836689,0
                38.0539335,49.7830039,0
                38.0558218,49.7912052,0
                38.0402007,49.7947513,0
                38.0348792,49.7999592,0
                38.0285278,49.8033938,0
                38.0099885,49.8124779,0
                38.0194298,49.8323018,0
                38.0196014,49.8344055,0
                38.0178848,49.8369521,0
                38.048612,49.8390556,0
                38.0539335,49.8370628,0
                38.0606283,49.8366199,0
                38.0676663,49.8357342,0
                38.0743611,49.8356234,0
                38.0774509,49.8366198,0
                38.0956469,49.8455869,0
                38.0796825,49.8562125,0
                38.0692113,49.8640696,0
                38.0480971,49.8847572,0
                38.0290428,49.9054359,0
                38.0262962,49.9056571,0
                38.0196015,49.9115162,0
                38.0125634,49.9180379,0
                38.0199449,49.9206905,0
                38.016855,49.9242271,0
                38.0443206,49.9324045,0
                38.0216615,49.9535047,0
                38.0091303,49.9628918,0
                38.0050104,49.9670878,0
                37.9990023,49.9628918,0
                37.9805776,49.9764004,0
                37.9715342,49.9779649,0
                37.9655804,49.9793081,0
                37.96408,49.9826951,0
                37.9621088,49.9824041,0
                37.9585068,49.9880039,0
                37.9485451,50.0015498,0
                37.9456436,50.0055919,0
                37.9398225,50.0154811,0
                37.9366784,50.0184066,0
                37.9346935,50.020909,0
                37.9305437,50.0263798,0
                37.9272665,50.0325612,0
                37.926507,50.0337222,0
                37.9252051,50.0348735,0
                37.9249546,50.0352254,0
                37.9242857,50.0356186,0
                37.9227584,50.0368939,0
                37.9204118,50.0377355,0
                37.918761,50.0388746,0
                37.9177754,50.0392626,0
                37.9112346,50.0425543,0
                37.9060985,50.0450051,0
                37.9031431,50.0466062,0
                37.90306,50.0468198,0
                37.899566,50.0480217,0
                37.8969588,50.0489931,0
                37.8927317,50.0506603,0
                37.8908005,50.0512114,0
                37.8830972,50.0523963,0
                37.8825178,50.0523412,0
                37.8633736,50.0546469,0
                37.8625326,50.0546988,0
                37.8234797,50.0693002,0
                37.7978163,50.0843929,0
                37.7560683,50.0786141,0
                37.7442883,50.093673,0
                37.7335564,50.1026984,0
                37.7328074,50.1031117,0
                37.7309855,50.1039792,0
                37.7293158,50.104902,0
                37.7258607,50.1070659,0
                37.7069313,50.1281229,0
                37.7088249,50.1338312,0
                37.701014,50.1341302,0
                37.6996009,50.1351627,0
                37.69471,50.1401626,0
                37.6945825,50.1404589,0
                37.6941224,50.1407483,0
                37.6934727,50.1409125,0
                37.6932659,50.141029,0
                37.692626,50.1412316,0
                37.692349,50.1413605,0
                37.6921364,50.1414205,0
                37.6917764,50.1416053,0
                37.6916739,50.1417077,0
                37.6913401,50.1423592,0
                37.6910706,50.142612,0
                37.6899912,50.1428441,0
                37.6884396,50.1431038,0
                37.687214,50.1434098,0
                37.686222,50.143998,0
                37.6859918,50.1440705,0
                37.6845442,50.1457762,0
                37.6783024,50.1486556,0
                37.6756582,50.149623,0
                37.6751139,50.1497526,0
                37.6745843,50.149972,0
                37.6741941,50.1500746,0
                37.674056,50.1501679,0
                37.6739823,50.1502956,0
                37.6739729,50.1503718,0
                37.6740601,50.1506404,0
                37.6740145,50.1507583,0
                37.6739046,50.1508762,0
                37.6736981,50.1509781,0
                37.673395,50.151025,0
                37.6723556,50.151021,0
                37.6717991,50.1510788,0
                37.6711902,50.1512632,0
                37.6709864,50.1514464,0
                37.6707504,50.1517877,0
                37.6699619,50.152161,0
                37.6693048,50.152406,0
                37.669109,50.1525136,0
                37.668881,50.1525714,0
                37.6684599,50.1526841,0
                37.6683285,50.1527797,0
                37.6681662,50.1530337,0
                37.6681488,50.1531639,0
                37.6682923,50.1534178,0
                37.6683929,50.1537542,0
                37.6680881,50.154003,0
                37.667869,50.1542517,0
                37.6678646,50.1546241,0
                37.6679246,50.1546941,0
                37.6676904,50.1549029,0
                37.6670154,50.1550691,0
                37.6669504,50.1550838,0
                37.6667996,50.1551604,0
                37.6667266,50.1552627,0
                37.6667179,50.1553513,0
                37.6668066,50.1555166,0
                37.6670831,50.1556733,0
                37.6671007,50.155719,0
                37.6670673,50.155799,0
                37.6664482,50.156348,0
                37.6659884,50.1566294,0
                37.6658505,50.1567664,0
                37.6657022,50.1570336,0
                37.6656611,50.1572114,0
                37.6656328,50.1578641,0
                37.6654269,50.1581552,0
                37.6648562,50.1585975,0
                37.6648069,50.1587224,0
                37.6644925,50.1589704,0
                37.6642533,50.1590673,0
                37.6639417,50.1593067,0
                37.6638017,50.15934,0
                37.6633822,50.1593446,0
                37.6632379,50.1593941,0
                37.6629864,50.1595398,0
                37.662773,50.1596044,0
                37.6626099,50.1597226,0
                37.6623503,50.1600883,0
                37.6621315,50.1602285,0
                37.6617284,50.1604044,0
                37.6614265,50.1608869,0
                37.6597375,50.1621474,0
                37.6591429,50.1626794,0
                37.6585436,50.1631303,0
                37.6579229,50.1635056,0
                37.656358,50.1646059,0
                37.6559303,50.1649159,0
                37.6557601,50.16514,0
                37.6554926,50.1653379,0
                37.6548604,50.1659207,0
                37.6543269,50.1661901,0
                37.6541853,50.1664451,0
                37.6542861,50.1666964,0
                37.654358,50.1669594,0
                37.6546445,50.16714,0
                37.654621,50.1674157,0
                37.6543399,50.1677601,0
                37.653928,50.1682427,0
                37.652808,50.1688903,0
                37.6526154,50.1691226,0
                37.6526586,50.1694998,0
                37.6529164,50.1700008,0
                37.65266,50.1703142,0
                37.6518827,50.1704949,0
                37.6517408,50.1707365,0
                37.651556,50.1707856,0
                37.6502374,50.1707485,0
                37.6499507,50.1708254,0
                37.6495352,50.1711324,0
                37.6494213,50.1713357,0
                37.6494684,50.1718689,0
                37.6495906,50.172086,0
                37.6496055,50.1722894,0
                37.6492525,50.1727307,0
                37.6488754,50.172923,0
                37.648273,50.1730947,0
                37.6478621,50.1731013,0
                37.6473084,50.1730631,0
                37.6469629,50.1731378,0
                37.6468481,50.1732674,0
                37.6467977,50.173397,0
                37.6468319,50.1742419,0
                37.6466773,50.1744342,0
                37.6464906,50.1744341,0
                37.6460981,50.1743928,0
                37.6458939,50.1743275,0
                37.6455769,50.1742897,0
                37.6450803,50.1741557,0
                37.6448519,50.1741179,0
                37.6445185,50.1740147,0
                37.6442132,50.174078,0
                37.643409,50.174454,0
                37.6431363,50.1746151,0
                37.6430255,50.1746279,0
                37.6417498,50.1753371,0
                37.641336,50.1753506,0
                37.6410271,50.1755318,0
                37.6407397,50.1757439,0
                37.6403096,50.1761149,0
                37.6403142,50.1762798,0
                37.6403508,50.1764558,0
                37.6403982,50.1765975,0
                37.6405197,50.1766845,0
                37.6406557,50.1768526,0
                37.6407717,50.1771633,0
                37.6407662,50.1772804,0
                37.6406454,50.177655,0
                37.6406105,50.1776998,0
                37.6405099,50.1778381,0
                37.6403127,50.1779834,0
                37.6398862,50.1782395,0
                37.63963,50.1784448,0
                37.6393631,50.1788494,0
                37.6390855,50.1790375,0
                37.6390009,50.1792154,0
                37.6390571,50.1798495,0
                37.6391462,50.18009,0
                37.639451,50.1806792,0
                37.6398147,50.1812684,0
                37.6399367,50.1815554,0
                37.6399528,50.1821103,0
                37.6401325,50.1826308,0
                37.6401136,50.1830105,0
                37.6401753,50.183239,0
                37.6402303,50.1833486,0
                37.640312,50.1834238,0
                37.6403093,50.1836738,0
                37.6401578,50.1838142,0
                37.6399311,50.1841367,0
                37.6398962,50.184239,0
                37.6399203,50.1843623,0
                37.6400611,50.1845494,0
                37.6402234,50.1846815,0
                37.6403869,50.184889,0
                37.6405505,50.1850243,0
                37.6408507,50.1851604,0
                37.6409382,50.1853244,0
                37.6410955,50.1854816,0
                37.6410676,50.1855116,0
                37.64119,50.1856654,0
                37.6412872,50.1860639,0
                37.6412527,50.186136,0
                37.6412771,50.18627,0
                37.6414877,50.1864951,0
                37.6418806,50.1870294,0
                37.6418722,50.1872457,0
                37.6419604,50.1876373,0
                37.6421641,50.1877902,0
                37.6422551,50.1879705,0
                37.642263,50.1882384,0
                37.6423621,50.1885167,0
                37.64241,50.1886129,0
                37.6426081,50.1887503,0
                37.6426397,50.188874,0
                37.6422655,50.1892863,0
                37.6419664,50.1894925,0
                37.6422024,50.1897334,0
                37.6429802,50.1902559,0
                37.6430928,50.1905449,0
                37.6436131,50.1909541,0
                37.6373211,50.1965675,0
                37.6337507,50.1989431,0
                37.6303087,50.2015658,0
                37.6265397,50.2051341,0
                37.6251268,50.206259,0
                37.6238854,50.2074939,0
                37.6209732,50.2123805,0
                37.6172717,50.2141894,0
                37.6156811,50.2156577,0
                37.6149057,50.2168514,0
                37.6144737,50.2196241,0
                37.6150287,50.2223693,0
                37.6186667,50.2276313,0
                37.6269057,50.2401176,0
                37.6257045,50.2452476,0
                37.62577,50.2492531,0
                37.627724,50.2614765,0
                37.6207718,50.258486,0
                37.6164802,50.2545898,0
                37.6138195,50.2551386,0
                37.600859,50.2527788,0
                37.5814613,50.2526141,0
                37.5740799,50.247016,0
                37.5725349,50.2436129,0
                37.5670418,50.2385078,0
                37.5534805,50.2393861,0
                37.5460132,50.2428993,0
                37.5383743,50.2474551,0
                37.532967,50.2532727,0
                37.5284179,50.2552483,0
                37.5226662,50.2530664,0
                37.5193183,50.2493476,0
                37.514685,50.234006,0
                37.5208648,50.2332923,0
                37.5209218,50.223978,0
                37.5208648,50.2196745,0
                37.5192481,50.2169486,0
                37.518776,50.214889,0
                37.5143417,50.2142921,0
                37.5095921,50.2105773,0
                37.5064164,50.19981,0
                37.5104504,50.1967332,0
                37.5138836,50.1921725,0
                37.5158148,50.1908812,0
                37.5230675,50.1914582,0
                37.5268441,50.1921725,0
                37.5302344,50.190469,0
                37.5374442,50.1932166,0
                37.5408774,50.1950848,0
                37.5606185,50.1875015,0
                37.5710898,50.1862925,0
                37.574523,50.1855231,0
                37.5762396,50.1836545,0
                37.5843077,50.1824454,0
                37.5884367,50.1791399,0
                37.5898625,50.1692039,0
                37.6054333,50.1594487,0
                37.6032839,50.1487301,0
                37.6134113,50.1435737,0
                37.6189053,50.1420634,0
                37.6269736,50.1439678,0
                37.6274031,50.1454697,0
                37.6337978,50.1451206,0
                37.6401925,50.1454312,0
                37.6446605,50.1424866,0
                37.6535962,50.1443006,0
                37.6625452,50.1384689,0
                37.6560721,50.1287829,0
                37.6506848,50.1197519,0
                37.6647844,50.0996293,0
                37.6687421,50.0940817,0
                37.6672064,50.0924985,0
                37.6698215,50.0879278,0
                37.6714741,50.0831004,0
                37.6734037,50.0866627,0
                37.6753308,50.0912166,0
                37.6837815,50.0915852,0
                37.6976678,50.0941627,0
                37.7089605,50.0872054,0
                37.7161327,50.0846543,0
                37.719871,50.081442,0
                37.7193767,50.0738817,0
                37.7245663,50.0680162,0
                37.735197,50.0639577,0
                37.7482287,50.0591265,0
                37.7654649,50.0597491,0
                37.7686245,50.0575055,0
                37.770608,50.0543682,0
                37.7628982,50.050138,0
                37.7629134,50.0402856,0
                37.7630851,50.037805,0
                37.7447248,50.0377901,0
                37.7442957,50.0286105,0
                37.7460552,50.0256881,0
                37.7594877,50.0192636,0
                37.7618481,50.0117905,0
                37.7661396,50.0054469,0
                37.7680279,49.9985784,0
                37.767817,49.984746,0
                37.7657571,49.9785645,0
                37.7551155,49.9557305,0
                37.7537422,49.9544327,0
                37.7529268,49.9523618,0
                37.753313,49.9423373,0
                37.7526693,49.9399068,0
                37.7419294,49.9172832,0
                37.7423586,49.9071132,0
                37.7356699,49.9010934,0
                37.7210358,49.9042722,0
                37.7038267,49.9053501,0
                37.6918962,49.9031388,0
                37.683914,49.9002088,0
                37.6816824,49.896781,0
                37.6755259,49.8916137,0
                37.6683162,49.892222,0
                37.6599047,49.8892913,0
                37.6488326,49.8936596,0
                37.6456569,49.8898443,0
                37.6461718,49.8872452,0
                37.6444552,49.882821,0
                37.6444552,49.8786176,0
                37.6474593,49.8761839,0
                37.6546691,49.8691034,0
                37.6614175,49.8584296,0
                37.658037,49.8458744,0
                37.6535089,49.8405763,0
                37.6478026,49.8429295,0
                37.6411078,49.8424313,0
                37.636988,49.8402725,0
                37.62686,49.8411582,0
                37.6189635,49.8388886,0
                37.6154445,49.8385012,0
                37.6129554,49.8368958,0
                37.6098121,49.8364801,0
                37.6076663,49.8359888,0
                37.6043619,49.8329025,0
                37.5992442,49.8244866,0
                37.5995506,49.8195225,0
                37.6001513,49.8106613,0
                37.6039279,49.8070609,0
                37.606936,49.8026324,0
                37.6051765,49.7963168,0
                37.5957988,49.7944744,0
                37.5932889,49.7848745,0
                37.5918447,49.7816855,0
                37.5863515,49.7789144,0
                37.5829183,49.7761431,0
                37.5779402,49.7715424,0
                37.5767663,49.7640148,0
                37.5769507,49.7567658,0
                37.5780688,49.7550288,0
                37.5773393,49.7540307,0
                37.5806008,49.7494833,0
                37.5818454,49.7490397,0
                37.5835191,49.749206,0
                37.5889693,49.7468767,0
                37.5895272,49.7456289,0
                37.5915872,49.7448247,0
                37.5885831,49.7428279,0
                37.5996879,49.7302395,0
                37.5971988,49.7280757,0
                37.5924929,49.7258082,0
                37.5919924,49.7244021,0
                37.5897657,49.7184713,0
                37.5934564,49.7122002,0
                37.5947439,49.7065943,0
                37.5992929,49.7024866,0
                37.603327,49.7004882,0
                37.6095926,49.7012653,0
                37.6235087,49.6995487,0
                37.6333004,49.6829517,0
                37.633522,49.6798431,0
                37.6355206,49.6752897,0
                37.6389225,49.6709024,0
                37.636669,49.6645638,0
                37.6371622,49.6583362,0
                37.6541935,49.6579723,0
                37.6601922,49.659042,0
                37.6599168,49.6570139,0
                37.6534174,49.6462405,0
                37.6595972,49.6457959,0
                37.67685,49.6426709,0
                37.6764208,49.6389899,0
                37.6759052,49.6342961,0
                37.6762914,49.6287091,0
                37.6879216,49.622343,0
                37.6971698,49.6240666,0
                37.7167606,49.6293763,0
                37.7298927,49.6266798,0
                37.7492046,49.6245115,0
                37.7630233,49.6192291,0
                37.7744159,49.6191585,0
                37.7864947,49.6173074,0
                37.7913011,49.6080755,0
                37.7894987,49.603737,0
                37.7876104,49.5992312,0
                37.7815621,49.5992086,0
                37.7801889,49.5980403,0
                37.774009,49.5973728,0
                37.7722924,49.5989304,0
                37.765426,49.5987079,0
                37.764396,49.5852436,0
                37.7625936,49.5851879,0
                37.7619278,49.5807792,0
                37.7572556,49.5816804,0
                37.7545574,49.5825815,0
                37.7476962,49.5832597,0
                37.7401912,49.5834644,0
                37.7387859,49.5829148,0
                37.7311149,49.5833109,0
                37.7309326,49.5823574,0
                37.7243131,49.5819882,0
                37.7231114,49.5727774,0
                37.714187,49.5716591,0
                37.7085536,49.5739553,0
                37.7027171,49.5735935,0
                37.6924174,49.5715341,0
                37.6890271,49.5692241,0
                37.685551,49.5660512,0
                37.6859372,49.560679,0
                37.6897567,49.5591479,0
                37.6948751,49.5592451,0
                37.6997674,49.5565726,0
                37.7074524,49.5534693,0
                37.7075383,49.550184,0
                37.7045343,49.5454923,0
                37.7035187,49.5415742,0
                37.7021454,49.533637,0
                37.7018879,49.5287905,0
                37.6990031,49.5160551,0
                37.7081011,49.5132131,0
                37.7366827,49.5071942,0
                37.7449391,49.5052019,0
                37.7504241,49.5054781,0
                37.771796,49.5056174,0
                37.7711093,49.4991237,0
                37.7639395,49.4851991,0
                37.7609354,49.4858124,0
                37.752009,49.4713688,0
                37.7484041,49.4722612,0
                37.7393061,49.4651216,0
                37.7423101,49.4626671,0
                37.7494341,49.4602683,0
                37.7544981,49.4601009,0
                37.7583605,49.4588178,0
                37.779904,49.454466,0
                37.7942377,49.4559724,0
                37.8012865,49.4560607,0
                37.7965229,49.4515971,0
                37.796952,49.4452637,0
                37.8010173,49.441711,0
                37.7889152,49.4415436,0
                37.7788342,49.4417007,0
                37.7403821,49.4342775,0
                37.7415837,49.4315424,0
                37.7369489,49.4312075,0
                37.7292241,49.4390776,0
                37.7282586,49.4429424,0
                37.725748,49.4445748,0
                37.7217568,49.4419239,0
                37.7030457,49.4377939,0
                37.6984109,49.4323239,0
                37.6977243,49.4281372,0
                37.6986683,49.4181436,0
                37.7218426,49.4179203,0
                37.7141179,49.4116104,0
                37.7149762,49.4062492,0
                37.7314944,49.4008978,0
                37.7477531,49.4046176,0
                37.7667583,49.4007386,0
                37.7843965,49.4118247,0
                37.7867997,49.410289,0
                37.7888597,49.4078039,0
                37.7888597,49.4055141,0
                37.7950395,49.402889,0
                37.7977002,49.402889,0
                37.7985203,49.4007402,0
                37.8018677,49.3971094,0
                37.8187763,49.3917466,0
                37.8095924,49.3816338,0
                37.8399919,49.3806293,0
                37.8487037,49.3798749,0
                37.8603338,49.379819,0
                37.8918729,49.3803999,0
                37.895056,49.3938907,0
                37.8961717,49.4032749,0
                37.8961377,49.4032644,0
                37.8809706,49.4149197,0
                37.8783425,49.4136978,0
                37.8814109,49.4167825,0
                37.8754449,49.4175347,0
                37.8759599,49.4188189,0
                37.877419,49.4194331,0
                37.8794725,49.4356296,0
                37.8748377,49.4365505,0
                37.8760045,49.4466578,0
                37.8445332,49.4450258,0
                37.8503256,49.4887909,0
                37.8434741,49.4912466,0
                37.8407597,49.491853,0
                37.838217,49.4919575,0
                37.837423,49.4926126,0
                37.8388392,49.4938809,0
                37.8400837,49.4945917,0
                37.8453889,49.502556,0
                37.8450726,49.5027164,0
                37.8422779,49.5081043,0
                37.8458614,49.5146525,0
                37.8469082,49.5196066,0
                37.8471911,49.5205249,0
              </coordinates>
            </LinearRing>
          </outerBoundaryIs>
          <innerBoundaryIs>
            <LinearRing>
              <tessellate>1</tessellate>
              <coordinates>
                37.8472515,49.520721,0
                37.8471657,49.520526,0
                37.8471911,49.5205249,0
                37.8472515,49.520721,0
              </coordinates>
            </LinearRing>
          </innerBoundaryIs>
        </Polygon>
      </Placemark>
      <Placemark>
        <name>Kharkiv Front</name>
        <styleUrl>#poly-FF5252-2866-133-nodesc</styleUrl>
        <MultiGeometry>
          <Polygon>
            <outerBoundaryIs>
              <LinearRing>
                <tessellate>1</tessellate>
                <coordinates>
                  36.9839119,50.2157838,0
                  36.9845985,50.2164978,0
                  37.002108,50.2171019,0
                  37.0114267,50.2237801,0
                  37.0155738,50.2275578,0
                  37.0248582,50.2308741,0
                  37.0282999,50.2342885,0
                  37.0374867,50.2344836,0
                  37.0483892,50.2302856,0
                  37.0562883,50.2409112,0
                  37.0727717,50.2352855,0
                  37.0835864,50.2364933,0
                  37.0940577,50.238799,0
                  37.1041857,50.2515333,0
                  37.1120822,50.2521918,0
                  37.1120822,50.2531797,0
                  37.1249568,50.2559236,0
                  37.1242406,50.2643594,0
                  37.1185329,50.2862737,0
                  37.1258285,50.2916479,0
                  37.1254851,50.2978439,0
                  37.1332099,50.3040391,0
                  37.1353557,50.3024492,0
                  37.1400764,50.3027782,0
                  37.1438529,50.3044776,0
                  37.1469428,50.304971,0
                  37.1567275,50.2988308,0
                  37.1635081,50.3037101,0
                  37.1783568,50.3056289,0
                  37.1768221,50.3088954,0
                  37.1753491,50.3154221,0
                  37.1673168,50.3248237,0
                  37.1684501,50.3278262,0
                  37.1778246,50.3382802,0
                  37.1844543,50.3453863,0
                  37.1861996,50.3476629,0
                  37.2008042,50.3531829,0
                  37.1999699,50.3611581,0
                  37.1969769,50.3688684,0
                  37.180594,50.3629998,0
                  37.1596723,50.358488,0
                  37.1490527,50.3557264,0
                  37.1383465,50.3610151,0
                  37.1029203,50.3570999,0
                  37.1055409,50.3532123,0
                  37.1049002,50.3511665,0
                  37.0849875,50.3478804,0
                  37.0716408,50.3462372,0
                  37.0603439,50.3470344,0
                  37.0449306,50.3449833,0
                  37.0380641,50.3485982,0
                  36.9376899,50.3500326,0
                  36.9140044,50.3458744,0
                  36.8818563,50.3364299,0
                  36.8723722,50.3356353,0
                  36.8508287,50.3270333,0
                  36.8316027,50.3138807,0
                  36.821046,50.3134978,0
                  36.8092445,50.3115248,0
                  36.8040526,50.3098252,0
                  36.8003197,50.306081,0
                  36.7858161,50.3046469,0
                  36.7805818,50.3031342,0
                  36.774832,50.3030081,0
                  36.7683099,50.3017853,0
                  36.7641542,50.2920163,0
                  36.7662153,50.2918596,0
                  36.7720935,50.2896416,0
                  36.7632887,50.2908608,0
                  36.7605329,50.2899089,0
                  36.7544202,50.2905823,0
                  36.7536278,50.2898907,0
                  36.7479001,50.2882531,0
                  36.747843,50.2873479,0
                  36.7501371,50.2863761,0
                  36.7503349,50.2848876,0
                  36.7506335,50.2842162,0
                  36.7507604,50.2835173,0
                  36.750085,50.2815944,0
                  36.7488947,50.2802747,0
                  36.7450987,50.2807542,0
                  36.7449075,50.2817272,0
                  36.7424202,50.2816582,0
                  36.7401904,50.2829602,0
                  36.7287802,50.277268,0
                  36.7199611,50.2773502,0
                  36.7062497,50.2690257,0
                  36.7051339,50.2687034,0
                  36.7051768,50.2659945,0
                  36.7040181,50.2642251,0
                  36.7009711,50.2640605,0
                  36.695671,50.2691766,0
                  36.6933965,50.2692589,0
                  36.6890621,50.2673387,0
                  36.6827321,50.2564059,0
                  36.6837406,50.2545538,0
                  36.6842341,50.2503554,0
                  36.6794701,50.2375302,0
                  36.6923954,50.23411,0
                  36.6984035,50.2325727,0
                  36.70145,50.2329026,0
                  36.7097332,50.2413565,0
                  36.7322208,50.2438815,0
                  36.7631199,50.2458026,0
                  36.7864867,50.2450973,0
                  36.8104541,50.2498483,0
                  36.8243267,50.2503561,0
                  36.8282422,50.2462529,0
                  36.8353272,50.2421448,0
                  36.8398547,50.2344318,0
                  36.8459486,50.2292846,0
                  36.8578148,50.233526,0
                  36.8656898,50.2254821,0
                  36.8768692,50.2189472,0
                  36.8828346,50.2171761,0
                  36.889143,50.2167229,0
                  36.8890142,50.2114227,0
                  36.8935525,50.2073854,0
                  36.8989492,50.2114226,0
                  36.9012236,50.2226128,0
                  36.9082777,50.2253076,0
                  36.9734405,50.2168273,0
                  36.9746422,50.2132023,0
                  36.9821953,50.2122686,0
                  36.9816803,50.2146853,0
                  36.9839119,50.2157838,0
                </coordinates>
              </LinearRing>
            </outerBoundaryIs>
          </Polygon>
          <Polygon>
            <outerBoundaryIs>
              <LinearRing>
                <tessellate>1</tessellate>
                <coordinates>
                  36.6132088,50.2237489,0
                  36.5961666,50.2297092,0
                  36.5978503,50.2310332,0
                  36.5826583,50.2369626,0
                  36.577766,50.2398859,0
                  36.5763498,50.2415327,0
                  36.5693116,50.2443733,0
                  36.5600419,50.2507127,0
                  36.5689254,50.2578195,0
                  36.5745473,50.2556793,0
                  36.5778089,50.2586014,0
                  36.5750623,50.2606454,0
                  36.5802765,50.262607,0
                  36.5739201,50.2751198,0
                  36.5927023,50.2756415,0
                  36.5927674,50.278016,0
                  36.5910134,50.2786919,0
                  36.5900747,50.2792033,0
                  36.5880604,50.2815158,0
                  36.5886424,50.2832524,0
                  36.5856033,50.285863,0
                  36.5834399,50.286236,0
                  36.5806757,50.286225,0
                  36.5755414,50.2858862,0
                  36.5707504,50.2858213,0
                  36.5646184,50.2850845,0
                  36.5604606,50.2842925,0
                  36.5595889,50.2837726,0
                  36.5584987,50.2826762,0
                  36.5584384,50.2820186,0
                  36.5581005,50.2818022,0
                  36.5575669,50.2816529,0
                  36.5566134,50.2815919,0
                  36.5563083,50.2813557,0
                  36.5550185,50.2816627,0
                  36.5535582,50.2818984,0
                  36.5531499,50.2820985,0
                  36.5525166,50.2819655,0
                  36.5511485,50.2819264,0
                  36.550207,50.2818108,0
                  36.5493714,50.2819999,0
                  36.5491682,50.2822658,0
                  36.5485359,50.2822026,0
                  36.5471522,50.2822848,0
                  36.5417396,50.2835188,0
                  36.5389903,50.28393,0
                  36.5378303,50.2839299,0
                  36.5365414,50.2836007,0
                  36.535812,50.2839367,0
                  36.5348464,50.2841595,0
                  36.5347285,50.2842572,0
                  36.5343959,50.2844097,0
                  36.533602,50.2846223,0
                  36.5316816,50.2848657,0
                  36.5315636,50.2849994,0
                  36.5307,50.2850868,0
                  36.5299678,50.2851305,0
                  36.5275417,50.2857008,0
                  36.5264789,50.2858488,0
                  36.5252501,50.2859914,0
                  36.5248152,50.2861887,0
                  36.5238603,50.2864594,0
                  36.5239032,50.2871997,0
                  36.523753,50.2874396,0
                  36.5235881,50.2878029,0
                  36.5230013,50.2883685,0
                  36.5228008,50.2887695,0
                  36.5228343,50.2890231,0
                  36.5229966,50.2893042,0
                  36.5240614,50.2899297,0
                  36.5251853,50.2907677,0
                  36.5253167,50.2912355,0
                  36.5253409,50.2920391,0
                  36.5257057,50.2922756,0
                  36.5261241,50.2924984,0
                  36.526226,50.2929233,0
                  36.5265425,50.2934991,0
                  36.516393,50.2950961,0
                  36.5163686,50.2953777,0
                  36.5158628,50.2958544,0
                  36.5155026,50.2959008,0
                  36.5146037,50.2957937,0
                  36.5139766,50.2957704,0
                  36.513135,50.295843,0
                  36.5127678,50.2958176,0
                  36.5123148,50.2956004,0
                  36.5115726,50.2954064,0
                  36.5111093,50.2953632,0
                  36.5109338,50.2954961,0
                  36.510175,50.2957483,0
                  36.5008235,50.2992034,0
                  36.4984964,50.3015067,0
                  36.4975425,50.3026588,0
                  36.4972193,50.3029205,0
                  36.4968861,50.3026401,0
                  36.4909092,50.3063069,0
                  36.4887022,50.3114927,0
                  36.480625,50.312409,0
                  36.4728051,50.3129959,0
                  36.4401476,50.3110328,0
                  36.433759,50.3307435,0
                  36.4257095,50.328278,0
                  36.4143475,50.3168134,0
                  36.4078976,50.3114875,0
                  36.39999,50.3069285,0
                  36.374138,50.3004387,0
                  36.3741284,50.2998156,0
                  36.3782385,50.294258,0
                  36.3780544,50.2937993,0
                  36.3638724,50.2875378,0
                  36.3620158,50.2873221,0
                  36.3604382,50.2872708,0
                  36.3590528,50.2875459,0
                  36.3579463,50.2878621,0
                  36.3563125,50.2880969,0
                  36.3552045,50.2884962,0
                  36.3543969,50.2887036,0
                  36.3530355,50.2887183,0
                  36.3507348,50.288616,0
                  36.3480049,50.2886233,0
                  36.3422352,50.2888992,0
                  36.3306852,50.2894044,0
                  36.328598,50.2893882,0
                  36.3262344,50.2896029,0
                  36.319193,50.2903932,0
                  36.3163109,50.2906164,0
                  36.3079555,50.29159,0
                  36.3076665,50.285645,0
                  36.3241976,50.2845537,0
                  36.3400286,50.278628,0
                  36.3460313,50.2722902,0
                  36.3528336,50.2714262,0
                  36.3654829,50.2668246,0
                  36.3800902,50.2654153,0
                  36.3957487,50.2669413,0
                  36.3962315,50.2658165,0
                  36.3967733,50.2654736,0
                  36.3967009,50.2649455,0
                  36.3963643,50.2647089,0
                  36.3964535,50.2643574,0
                  36.3969272,50.2638251,0
                  36.3982163,50.2630732,0
                  36.3960554,50.2599794,0
                  36.3973021,50.257155,0
                  36.3973471,50.2553733,0
                  36.3968321,50.2539739,0
                  36.3974329,50.2535897,0
                  36.3970038,50.2528214,0
                  36.3985273,50.2515317,0
                  36.3993212,50.2515454,0
                  36.3997933,50.2508868,0
                  36.3996002,50.2499127,0
                  36.4003462,50.2485167,0
                  36.4032644,50.246431,0
                  36.4150232,50.247364,0
                  36.4261812,50.2492302,0
                  36.4322439,50.2443933,0
                  36.4324385,50.2371188,0
                  36.4408499,50.2316287,0
                  36.4472014,50.2271263,0
                  36.4525229,50.2247102,0
                  36.4550978,50.2272361,0
                  36.4605909,50.2287736,0
                  36.4653975,50.2288834,0
                  36.4818578,50.2209794,0
                  36.4986806,50.2186728,0
                  36.5028004,50.2161464,0
                  36.5244298,50.228118,0
                  36.5388493,50.2411845,0
                  36.5616803,50.2319615,0
                  36.5699825,50.2329101,0
                  36.5867246,50.2276362,0
                  36.5946726,50.2273832,0
                  36.6132088,50.2237489,0
                </coordinates>
              </LinearRing>
            </outerBoundaryIs>
          </Polygon>
        </MultiGeometry>
      </Placemark>
      <Placemark>
        <name>Donetsk Front</name>
        <styleUrl>#poly-FF5252-1078-110-nodesc</styleUrl>
        <Polygon>
          <outerBoundaryIs>
            <LinearRing>
              <tessellate>1</tessellate>
              <coordinates>
                36.6999837,47.732349,0
                36.7136855,47.6786939,0
                36.7902465,47.6844724,0
                36.7924781,47.6805431,0
                36.7837234,47.6791562,0
                36.7799468,47.6749953,0
                36.7845817,47.6731459,0
                36.7823501,47.6723367,0
                36.7813201,47.6704872,0
                36.7794318,47.6693313,0
                36.7792602,47.6674817,0
                36.7770286,47.6671349,0
                36.7758269,47.6688689,0
                36.7754836,47.6660944,0
                36.7744536,47.6640135,0
                36.7679305,47.66621,0
                36.7521377,47.6655164,0
                36.752996,47.6608919,0
                36.7181487,47.658117,0
                36.7255302,47.6297817,0
                36.7660422,47.634756,0
                36.7658706,47.6231872,0
                36.7438979,47.6214517,0
                36.7468162,47.6061765,0
                36.7624374,47.6075653,0
                36.764154,47.6006208,0
                36.829557,47.6241128,0
                36.8937583,47.5447994,0
                36.9452567,47.5764234,0
                36.9672294,47.5533733,0
                36.980126,47.561253,0
                37.001905,47.5391213,0
                37.0225043,47.5527941,0
                37.0772643,47.4919343,0
                37.0841308,47.4961098,0
                37.1368782,47.4636274,0
                37.1718971,47.4682693,0
                37.1794502,47.4817285,0
                37.1883766,47.4701259,0
                37.2446815,47.4682693,0
                37.2316353,47.4353028,0
                37.1931831,47.372563,0
                37.2034828,47.3558198,0
                37.1615974,47.3400019,0
                37.1423713,47.3800027,0
                37.1094124,47.376748,0
                37.1210853,47.3400019,0
                37.0826332,47.3255755,0
                37.0840065,47.3153351,0
                37.0393745,47.2985737,0
                37.0283882,47.3134729,0
                36.9446174,47.3102141,0
                36.9432442,47.3199901,0
                36.9274513,47.3181281,0
                37.0283882,47.065227,0
                37.0798866,47.0474507,0
                37.0977394,47.0586785,0
                37.1238319,47.0390283,0
                37.0881264,47.0071983,0
                37.1399428,46.9514498,0
                37.1039192,46.9598863,0
                37.0908729,46.9701954,0
                37.0201484,46.9261334,0
                37.0634071,46.8829737,0
                37.1735884,46.9167536,0
                37.2333266,46.9495749,0
                37.3191573,46.9050268,0
                37.5409438,47.0834647,0
                37.6329543,47.0904776,0
                37.8011824,47.0843998,0
                38.0023695,47.0914126,0
                38.0346419,47.0895426,0
                38.063481,47.1073048,0
                38.0991866,47.1012289,0
                38.1362654,47.0582105,0
                38.2378889,47.11852,0
                38.2282759,47.1255284,0
                38.2372023,47.1418775,0
                38.2351424,47.2039583,0
                38.2420088,47.2151532,0
                38.2378889,47.2226151,0
                38.2330824,47.2300759,0
                38.2880141,47.2394005,0
                38.2880141,47.2524522,0
                38.3292128,47.2636368,0
                38.3292128,47.3083515,0
                38.2248427,47.3046268,0
                38.2179762,47.3288332,0
                38.2481886,47.3511677,0
                38.2550551,47.3734928,0
                38.2866408,47.3753528,0
                38.2852675,47.3939492,0
                38.3044936,47.3939492,0
                38.3031203,47.4775516,0
                38.2907607,47.479408,0
                38.2811476,47.546192,0
                38.3099867,47.544338,0
                38.3154799,47.5721406,0
                38.3484389,47.5721406,0
                38.3511855,47.6175197,0
                38.4610487,47.6147425,0
                38.4555556,47.6397319,0
                38.6162306,47.643433,0
                38.6340834,47.6702582,0
                38.6684157,47.6730324,0
                38.6656691,47.6989181,0
                38.7343336,47.7007666,0
                38.7370802,47.6887503,0
                38.7714125,47.6832033,0
                38.7741591,47.7367991,0
                38.7892653,47.7367991,0
                38.787892,47.7986428,0
                38.787892,47.8180115,0
                38.8290907,47.8134006,0
                38.8290907,47.8456686,0
                38.8400771,47.8650198,0
                38.8785292,47.8733109,0
                39.0747784,47.8694422,0
                39.0653019,47.8952402,0
                39.0917114,47.9404831,0
                39.0838107,47.9411301,0
                39.0728183,47.9523553,0
                39.0665049,47.9512704,0
                39.0577889,47.9471957,0
                39.0548375,47.9502872,0
                39.0505128,47.9503893,0
                39.0528493,47.9549625,0
                39.0482236,47.9540589,0
                39.0469409,47.9560213,0
                39.041538,47.956604,0
                39.0384662,47.9561758,0
                39.0437564,47.9867758,0
                39.039561,48.0067457,0
                38.8447451,48.0157398,0
                38.843978,48.016226,0
                38.8414189,48.0160448,0
                38.8403992,48.014627,0
                38.8395908,48.0139989,0
                38.83747,48.0138479,0
                38.8350426,48.0153639,0
                38.8320666,48.0187117,0
                38.830634,48.0209661,0
                38.8304229,48.0226839,0
                38.8295251,48.0227515,0
                38.8246559,48.0302046,0
                38.8235727,48.0332136,0
                38.8212663,48.03628,0
                38.8255386,48.0381868,0
                38.8206056,48.0445371,0
                38.8180901,48.0431054,0
                38.8157292,48.0454425,0
                38.8153196,48.04726,0
                38.8135832,48.0475578,0
                38.8134756,48.0493575,0
                38.8150406,48.0508031,0
                38.8164361,48.051221,0
                38.8196538,48.0510609,0
                38.8211978,48.0527798,0
                38.821704,48.0577234,0
                38.8265368,48.0578578,0
                38.8282347,48.0593232,0
                38.8270499,48.0601915,0
                38.8291266,48.0628955,0
                38.8291005,48.0635631,0
                38.826255,48.0658472,0
                38.829553,48.0682224,0
                38.826671,48.0689343,0
                38.8283072,48.072554,0
                38.8270064,48.0731378,0
                38.8273793,48.0739798,0
                38.8288679,48.0750799,0
                38.8288974,48.0760653,0
                38.8272128,48.0761647,0
                38.821481,48.0701397,0
                38.8184539,48.0651755,0
                38.8157461,48.0670908,0
                38.8126435,48.0676451,0
                38.801984,48.0706083,0
                38.8041435,48.0718547,0
                38.7999774,48.074723,0
                38.8056087,48.0786344,0
                38.8091633,48.0776012,0
                38.8160261,48.0820433,0
                38.8185119,48.083217,0
                38.8102219,48.0878585,0
                38.806947,48.08892,0
                38.8204693,48.1153072,0
                38.6861116,48.1473351,0
                38.6831168,48.1453351,0
                38.6699953,48.1489608,0
                38.6517964,48.1524954,0
                38.6519706,48.1563304,0
                38.6396972,48.1612827,0
                38.6363908,48.1616395,0
                38.6144813,48.1696608,0
                38.6106486,48.1696058,0
                38.6040936,48.1722004,0
                38.6044978,48.1757324,0
                38.6005765,48.1770436,0
                38.5973696,48.1799778,0
                38.6002646,48.1819004,0
                38.6034453,48.1863366,0
                38.6034479,48.187396,0
                38.6055802,48.1885927,0
                38.6083831,48.1887543,0
                38.6106711,48.189717,0
                38.6116105,48.1914555,0
                38.610364,48.1932978,0
                38.6077439,48.1952544,0
                38.6129585,48.2032644,0
                38.6119739,48.204918,0
                38.6092727,48.2062283,0
                38.6021524,48.2130815,0
                38.5942616,48.2178648,0
                38.5882611,48.2347518,0
                38.5911839,48.251637,0
                38.5844927,48.2598349,0
                38.5707642,48.2688489,0
                38.5580979,48.2744927,0
                38.5433677,48.2712529,0
                38.4287516,48.2784472,0
                38.4287308,48.3070022,0
                38.4383263,48.3145459,0
                38.4341715,48.3415111,0
                38.4514761,48.3468926,0
                38.4639759,48.3472523,0
                38.4713291,48.35879,0
                38.493793,48.3630254,0
                38.4778001,48.3681998,0
                38.4686699,48.3779343,0
                38.4540257,48.3807025,0
                38.45048,48.3761572,0
                38.4379489,48.3958109,0
                38.4393742,48.417596,0
                38.4335878,48.4469005,0
                38.4017801,48.4400181,0
                38.4025321,48.4344526,0
                38.3817152,48.4291061,0
                38.3768039,48.4405447,0
                38.3708651,48.4431136,0
                38.3608063,48.442949,0
                38.3562919,48.4403613,0
                38.350061,48.4414172,0
                38.3448096,48.4371518,0
                38.3213304,48.4508449,0
                38.3170734,48.4511002,0
                38.312334,48.4557098,0
                38.3202853,48.4645185,0
                38.2876789,48.4761217,0
                38.2956637,48.4766309,0
                38.2967827,48.4796434,0
                38.3065745,48.4739762,0
                38.3070961,48.4746247,0
                38.303504,48.4773447,0
                38.3016281,48.484844,0
                38.3078594,48.4845726,0
                38.3040818,48.486256,0
                38.2979005,48.4899587,0
                38.2974212,48.4957403,0
                38.2995524,48.4959275,0
                38.3026748,48.4956214,0
                38.3150677,48.5003199,0
                38.3112977,48.501211,0
                38.3126774,48.5066518,0
                38.3205872,48.5084341,0
                38.2847451,48.535909,0
                38.2752156,48.5456449,0
                38.2773052,48.5456078,0
                38.278393,48.5467257,0
                38.277936,48.5492073,0
                38.262009,48.6422584,0
                38.2319686,48.6395776,0
                38.2302849,48.6525228,0
                38.2372331,48.652248,0
                38.2380017,48.6562822,0
                38.2600361,48.6580068,0
                38.2595902,48.667312,0
                38.2859981,48.6718442,0
                38.2854417,48.6809135,0
                38.3127086,48.6862311,0
                38.3146346,48.7043014,0
                38.3041661,48.7110478,0
                38.3052224,48.7118239,0
                38.325677,48.7139581,0
                38.3240925,48.7300929,0
                38.3180164,48.7354641,0
                38.3080843,48.7376215,0
                38.2846133,48.7385374,0
                38.2825822,48.7379123,0
                38.2800351,48.7407134,0
                38.2644984,48.7522603,0
                38.2661308,48.7528812,0
                38.2761734,48.7727398,0
                38.2821387,48.7737862,0
                38.2817095,48.7779434,0
                38.2819242,48.7826663,0
                38.2784486,48.7944982,0
                38.2782337,48.8015804,0
                38.2791349,48.8030503,0
                38.2818797,48.8023621,0
                38.2883601,48.8120566,0
                38.3164697,48.814289,0
                38.3131281,48.8281056,0
                38.2940242,48.827016,0
                38.2725503,48.8241364,0
                38.2718208,48.8323294,0
                38.2577609,48.8422616,0
                38.243274,48.8414918,0
                38.2434688,48.8405213,0
                38.2232631,48.8389346,0
                38.2218023,48.8389728,0
                38.2571857,47.8134836,0
                38.0785416,47.1166924,0
                36.6999837,47.732349,0
              </coordinates>
            </LinearRing>
          </outerBoundaryIs>
        </Polygon>
      </Placemark>
      <Placemark>
        <name>Sumy Front</name>
        <styleUrl>#poly-FF5252-2270-99-nodesc</styleUrl>
        <Polygon>
          <outerBoundaryIs>
            <LinearRing>
              <tessellate>1</tessellate>
              <coordinates>
                35.4001366,50.6561134,0
                35.4092494,50.6554052,0
                35.4293268,50.6557801,0
                35.462831,50.6662388,0
                35.485778,50.6561385,0
                35.4894662,50.6584577,0
                35.486676,50.6706071,0
                35.4965902,50.6786221,0
                35.4714016,50.6809282,0
                35.4593201,50.6881709,0
                35.4630304,50.6938908,0
                35.4621036,50.702927,0
                35.4612971,50.706249,0
                35.4659839,50.7078316,0
                35.4674616,50.7168674,0
                35.4730607,50.7259031,0
                35.4634345,50.734797,0
                35.4716609,50.7371718,0
                35.4715393,50.7377654,0
                35.4737353,50.7406404,0
                35.4764971,50.7532337,0
                35.4739522,50.7549588,0
                35.4763325,50.7589072,0
                35.4807305,50.7648645,0
                35.4885851,50.7769547,0
                35.4745934,50.7843688,0
                35.4514575,50.7822136,0
                35.4333651,50.7948074,0
                35.41664,50.7982835,0
                35.4101685,50.8059081,0
                35.413527,50.8159488,0
                35.4206645,50.8281583,0
                35.4193914,50.8379815,0
                35.4201781,50.8421673,0
                35.4126271,50.8543052,0
                35.4083351,50.8582608,0
                35.4056737,50.8627307,0
                35.4026686,50.8648168,0
                35.3975188,50.8640583,0
                35.3926246,50.8523792,0
                35.3949406,50.8493694,0
                35.3945541,50.8471609,0
                35.3915931,50.8372024,0
                35.3850492,50.8175645,0
                35.3826272,50.8170123,0
                35.3822337,50.8158681,0
                35.380553,50.812663,0
                35.3717846,50.8116219,0
                35.3708474,50.8078294,0
                35.3705972,50.8045791,0
                35.3680374,50.8026347,0
                35.3687543,50.8004818,0
                35.37043,50.7953528,0
                35.3706469,50.7934247,0
                35.3715956,50.7905453,0
                35.3721987,50.7890514,0
                35.3745183,50.787015,0
                35.3753808,50.7834846,0
                35.3784077,50.7826836,0
                35.3804046,50.7820997,0
                35.3827763,50.7819705,0
                35.3842897,50.7808644,0
                35.3868012,50.7789778,0
                35.3913828,50.7727012,0
                35.3926433,50.771137,0
                35.3934452,50.7695407,0
                35.3928737,50.7664244,0
                35.391049,50.7604937,0
                35.3919367,50.7573901,0
                35.3926381,50.7555126,0
                35.3911078,50.7548296,0
                35.3943987,50.7521062,0
                35.3962156,50.7500385,0
                35.3940844,50.7475364,0
                35.3976334,50.7415302,0
                35.4097068,50.7396195,0
                35.4109084,50.7366863,0
                35.4100501,50.7333183,0
                35.4081618,50.730602,0
                35.4016387,50.7300587,0
                35.392369,50.7317972,0
                35.390309,50.7276682,0
                35.3951155,50.7177788,0
                35.3947722,50.7066915,0
                35.3909957,50.7054957,0
                35.3927123,50.699516,0
                35.3824126,50.6971239,0
                35.381211,50.6945143,0
                35.3829276,50.6914694,0
                35.3901374,50.6866843,0
                35.3916823,50.6797233,0
                35.3975188,50.6751546,0
                35.4012954,50.6687359,0
                35.4001366,50.6561134,0
              </coordinates>
            </LinearRing>
          </outerBoundaryIs>
        </Polygon>
      </Placemark>
      <Placemark>
        <name>Sumy Front</name>
        <styleUrl>#poly-FF5252-2568-105-nodesc</styleUrl>
        <Polygon>
          <outerBoundaryIs>
            <LinearRing>
              <tessellate>1</tessellate>
              <coordinates>
                35.1308655,51.1740488,0
                35.1301484,51.1934734,0
                35.1303357,51.1944053,0
                35.1322209,51.1952062,0
                35.1328096,51.1955797,0
                35.1337409,51.195903,0
                35.1338307,51.1960428,0
                35.1340562,51.1962627,0
                35.1340536,51.1963347,0
                35.1341476,51.196484,0
                35.1344938,51.1967208,0
                35.1355695,51.1977508,0
                35.1358594,51.1979355,0
                35.136408,51.1981723,0
                35.1370404,51.1987697,0
                35.1373338,51.199139,0
                35.1376164,51.1994277,0
                35.1379858,51.1996878,0
                35.1382694,51.1999547,0
                35.1385101,51.2002753,0
                35.1386454,51.2003353,0
                35.1388263,51.2005045,0
                35.1394443,51.2007664,0
                35.1399934,51.2011215,0
                35.1401885,51.2013085,0
                35.1403788,51.2014079,0
                35.1406093,51.2014519,0
                35.1408727,51.2016249,0
                35.1414906,51.2019982,0
                35.1415823,51.202079,0
                35.1417759,51.2024287,0
                35.1420912,51.2024838,0
                35.1422095,51.2025155,0
                35.1424386,51.2026835,0
                35.1425102,51.2027877,0
                35.1425872,51.2028482,0
                35.1430224,51.2029772,0
                35.1431461,51.202988,0
                35.143267,51.2030438,0
                35.1433167,51.2030902,0
                35.1433342,51.2031332,0
                35.1432146,51.2035275,0
                35.1433587,51.2041415,0
                35.1432391,51.2044698,0
                35.1432867,51.2047381,0
                35.1433694,51.2048991,0
                35.1433303,51.2050906,0
                35.1428655,51.2060433,0
                35.1416175,51.207023,0
                35.1407691,51.2072224,0
                35.1405071,51.2074605,0
                35.1402508,51.2076224,0
                35.1398605,51.2077305,0
                35.1392378,51.2077612,0
                35.1373556,51.2090799,0
                35.1371245,51.2092838,0
                35.1368075,51.2100792,0
                35.136748,51.2104283,0
                35.1372035,51.2113419,0
                35.13738,51.2120405,0
                35.1377472,51.2125107,0
                35.1376733,51.2136061,0
                35.1380226,51.2141135,0
                35.1381544,51.214468,0
                35.1378978,51.2150064,0
                35.1375118,51.2152512,0
                35.1376853,51.2155618,0
                35.138334,51.2159278,0
                35.1385886,51.2167055,0
                35.1388969,51.2172077,0
                35.139055,51.2173335,0
                35.1395525,51.2175242,0
                35.1396952,51.2176555,0
                35.1397734,51.2178473,0
                35.1400534,51.2180596,0
                35.1402877,51.2181896,0
                35.1406937,51.2183196,0
                35.1414333,51.2184128,0
                35.1418725,51.218496,0
                35.1445091,51.2193795,0
                35.1452964,51.2200664,0
                35.1454472,51.2201399,0
                35.1473254,51.2205158,0
                35.1485197,51.2207019,0
                35.1495329,51.2210013,0
                35.1503068,51.2211349,0
                35.1504141,51.2233858,0
                35.1195973,51.2315367,0
                35.1176128,51.2296043,0
                35.1138791,51.2310285,0
                35.1051244,51.2327753,0
                35.0849267,51.2303383,0
                35.0748194,51.2320587,0
                35.0690793,51.2301774,0
                35.0657223,51.2274966,0
                35.0651121,51.2259983,0
                35.0617463,51.2232703,0
                35.0618352,51.2224908,0
                35.0614091,51.2217919,0
                35.0623533,51.2199372,0
                35.0636149,51.2182389,0
                35.0627137,51.2172175,0
                35.0626708,51.2160616,0
                35.0589372,51.213911,0
                35.0567485,51.2130507,0
                35.0551177,51.2108463,0
                35.052457,51.2101472,0
                35.0510837,51.2090181,0
                35.047865,51.2085341,0
                35.0473929,51.207862,0
                35.0461055,51.2075124,0
                35.0452472,51.2071629,0
                35.044346,51.2065445,0
                35.0427581,51.2053884,0
                35.0386382,51.2043397,0
                35.0379945,51.2178357,0
                35.0328017,51.219556,0
                35.0310684,51.2192652,0
                35.0263591,51.2198182,0
                35.0232692,51.2205708,0
                35.0206943,51.2239036,0
                35.0138278,51.2276125,0
                35.0111552,51.2314133,0
                35.0098407,51.2316449,0
                35.0057637,51.2320211,0
                35.0033176,51.231,0
                35.0020301,51.2298176,0
                35.0009572,51.2297638,0
                34.9999273,51.2291995,0
                34.9986827,51.2296832,0
                34.9982106,51.2291726,0
                34.9976527,51.2292532,0
                34.9954211,51.228877,0
                34.9951207,51.2285814,0
                34.9946058,51.2288501,0
                34.9934041,51.2287426,0
                34.9924171,51.2292263,0
                34.991945,51.2290651,0
                34.9885976,51.23014,0
                34.9869668,51.2308925,0
                34.9847352,51.2314299,0
                34.9835336,51.2315374,0
                34.9824607,51.2318062,0
                34.9820745,51.2321824,0
                34.9828899,51.2333916,0
                34.9800575,51.2349232,0
                34.9641447,51.2309093,0
                34.9562497,51.2282304,0
                34.9510424,51.2274646,0
                34.949534,51.2257322,0
                34.9524831,51.2201242,0
                34.9496022,51.2187149,0
                34.9431839,51.2185478,0
                34.9399752,51.2176039,0
                34.9387143,51.2117555,0
                34.9363731,51.2084063,0
                34.9305938,51.2059121,0
                34.9230027,51.2053844,0
                34.9098857,51.2060448,0
                34.9037059,51.2026031,0
                34.9037059,51.1987308,0
                34.8982127,51.1930832,0
                34.8944042,51.193961,0
                34.8940569,51.1941515,0
                34.8905338,51.1946377,0
                34.8897788,51.1950567,0
                34.8882083,51.1954218,0
                34.8863334,51.195426,0
                34.8844155,51.195968,0
                34.8833412,51.1957734,0
                34.8829965,51.1952293,0
                34.8803706,51.1948955,0
                34.878772,51.1936615,0
                34.8765834,51.1911871,0
                34.8724206,51.1918864,0
                34.8633015,51.1985157,0
                34.8621316,51.1990468,0
                34.8458473,51.1911144,0
                34.846968,51.1889838,0
                34.8467435,51.188887,0
                34.8465189,51.1888239,0
                34.8463347,51.1888028,0
                34.846145,51.1888018,0
                34.8460078,51.1887742,0
                34.8458277,51.1887097,0
                34.8447104,51.187917,0
                34.8446239,51.1876989,0
                34.8429394,51.1867167,0
                34.8415338,51.1860304,0
                34.8406539,51.18568,0
                34.839935,51.1850673,0
                34.838315,51.1842932,0
                34.8362204,51.183481,0
                34.8333867,51.183132,0
                34.8335948,51.1801654,0
                34.8348328,51.1781673,0
                34.8348194,51.1692745,0
                34.8160942,51.1692718,0
                34.8137737,51.1713984,0
                34.8137201,51.1714758,0
                34.8135779,51.1715481,0
                34.8128886,51.1716809,0
                34.8124702,51.1717415,0
                34.8119579,51.1718424,0
                34.8117326,51.1718575,0
                34.8112296,51.1719688,0
                34.8111545,51.1719923,0
                34.8108756,51.1720159,0
                34.8106664,51.1720647,0
                34.8103431,51.1721122,0
                34.8097732,51.1722169,0
                34.8093896,51.1722547,0
                34.8091751,51.1723186,0
                34.8090678,51.1723892,0
                34.8089927,51.1725876,0
                34.80888,51.1727524,0
                34.8088317,51.1729021,0
                34.808762,51.1730451,0
                34.8086547,51.1731863,0
                34.8085635,51.1733747,0
                34.8085662,51.1738842,0
                34.8085689,51.1739515,0
                34.8085447,51.1740355,0
                34.8085984,51.1741533,0
                34.8086788,51.1742508,0
                34.8088478,51.1743483,0
                34.8088854,51.1744728,0
                34.8090061,51.1746964,0
                34.8090839,51.1747855,0
                34.8091563,51.1749705,0
                34.809226,51.1750294,0
                34.8093065,51.1752581,0
                34.809336,51.1754229,0
                34.8094004,51.1754464,0
                34.8093896,51.1754733,0
                34.8092582,51.1754834,0
                34.8092287,51.1755069,0
                34.8092126,51.175776,0
                34.8091563,51.1759845,0
                34.809108,51.1760266,0
                34.8089605,51.1761005,0
                34.8089152,51.1761486,0
                34.8088056,51.1762067,0
                34.8087716,51.1762478,0
                34.8087322,51.1762686,0
                34.8086749,51.1763541,0
                34.8086766,51.1763992,0
                34.8086408,51.1764477,0
                34.8086155,51.1765171,0
                34.8085595,51.1765416,0
                34.8085074,51.1765399,0
                34.8082569,51.1764172,0
                34.8081692,51.1764164,0
                34.8080707,51.1763786,0
                34.8079536,51.1763968,0
                34.8079383,51.1764286,0
                34.8078703,51.1764181,0
                34.8078416,51.1764072,0
                34.8077605,51.1763556,0
                34.8076357,51.1763654,0
                34.8075805,51.1763449,0
                34.8074396,51.1763463,0
                34.8073503,51.1763655,0
                34.8072396,51.1763578,0
                34.807199,51.1763245,0
                34.8070185,51.1762791,0
                34.8069237,51.1762673,0
                34.8067933,51.1762876,0
                34.8065699,51.1762843,0
                34.8064672,51.176286,0
                34.8063056,51.1762844,0
                34.8062302,51.1762443,0
                34.8061673,51.1761476,0
                34.8057726,51.1760646,0
                34.8057196,51.1760251,0
                34.8056688,51.1759951,0
                34.8055,51.1759852,0
                34.8054037,51.1760428,0
                34.8008857,51.1753777,0
                34.8005157,51.1754325,0
                34.8002852,51.1755545,0
                34.8001659,51.1755306,0
                34.7999614,51.1755809,0
                34.7998835,51.1755859,0
                34.7997787,51.1756145,0
                34.7997088,51.175606,0
                34.7996444,51.1756135,0
                34.7995799,51.175648,0
                34.7994438,51.1756612,0
                34.79937,51.1756649,0
                34.7993176,51.1756383,0
                34.7992665,51.1756456,0
                34.7991751,51.1756536,0
                34.7990888,51.17572,0
                34.7989483,51.175772,0
                34.7988478,51.175775,0
                34.7987737,51.1757383,0
                34.7985763,51.1757082,0
                34.798499,51.1757403,0
                34.7984443,51.1757362,0
                34.7983627,51.1757253,0
                34.7982304,51.1757476,0
                34.7981871,51.1757719,0
                34.7981009,51.1758903,0
                34.7979608,51.1759463,0
                34.7979387,51.1760124,0
                34.7977386,51.1760801,0
                34.7976081,51.1761646,0
                34.7975523,51.1761584,0
                34.7974573,51.1761754,0
                34.797416,51.1762026,0
                34.7970662,51.1765008,0
                34.796931,51.1765838,0
                34.7969264,51.1766152,0
                34.7969326,51.1766466,0
                34.7969825,51.1766959,0
                34.7969121,51.1768217,0
                34.7967805,51.1768786,0
                34.796586,51.1771022,0
                34.7962627,51.177398,0
                34.796005,51.1775475,0
                34.795742,51.1776482,0
                34.7956699,51.1778077,0
                34.7954622,51.1778605,0
                34.795463,51.1779254,0
                34.7953507,51.1779746,0
                34.7953028,51.1780305,0
                34.7950783,51.1781324,0
                34.7948538,51.1781938,0
                34.7948354,51.1783119,0
                34.7947666,51.1783664,0
                34.7946503,51.1784082,0
                34.7944069,51.1785591,0
                34.7940589,51.1784005,0
                34.7939495,51.1785714,0
                34.7938734,51.1785997,0
                34.7938407,51.1787147,0
                34.7937492,51.1787924,0
                34.7935183,51.1789306,0
                34.7932312,51.1789574,0
                34.7930922,51.1790102,0
                34.793071,51.179077,0
                34.7929425,51.1791706,0
                34.79273,51.1792424,0
                34.7925111,51.1792144,0
                34.7923136,51.1792603,0
                34.792071,51.1794442,0
                34.7911772,51.1798657,0
                34.7910881,51.1799913,0
                34.7909849,51.1800003,0
                34.7907089,51.1799745,0
                34.7904543,51.1800833,0
                34.7903811,51.1801936,0
                34.7901955,51.1803255,0
                34.7899669,51.1805649,0
                34.7898457,51.1806161,0
                34.7900045,51.1807534,0
                34.7901676,51.1807648,0
                34.7899708,51.1809071,0
                34.7899914,51.1810268,0
                34.789969,51.1811464,0
                34.7900531,51.1812512,0
                34.7898394,51.1814081,0
                34.7896364,51.1817331,0
                34.7896596,51.1818317,0
                34.7894843,51.1823606,0
                34.7892845,51.1824581,0
                34.7892349,51.1825153,0
                34.7889247,51.1826189,0
                34.7887267,51.1826068,0
                34.7885526,51.1826478,0
                34.7885072,51.1826956,0
                34.7884983,51.1828019,0
                34.7884913,51.1828532,0
                34.7883126,51.1828608,0
                34.7878549,51.1829222,0
                34.7878219,51.1830798,0
                34.7877088,51.1832326,0
                34.7872139,51.1833616,0
                34.7868906,51.183504,0
                34.7868877,51.183614,0
                34.7866392,51.1837006,0
                34.7865383,51.1836275,0
                34.7864382,51.1836195,0
                34.7862574,51.1836239,0
                34.7861785,51.1836553,0
                34.7859939,51.1838088,0
                34.7859948,51.183904,0
                34.7857802,51.1840721,0
                34.7851364,51.1844084,0
                34.784718,51.1846774,0
                34.7844927,51.1848388,0
                34.7828968,51.1835308,0
                34.7816307,51.182031,0
                34.7806866,51.18115,0
                34.7800321,51.1798788,0
                34.7793348,51.1773163,0
                34.7742518,51.1757265,0
                34.7734203,51.1751448,0
                34.7723981,51.1747221,0
                34.7717032,51.1746389,0
                34.7705678,51.1746323,0
                34.7700564,51.1746744,0
                34.7697596,51.1747299,0
                34.7696024,51.174804,0
                34.7693307,51.1749926,0
                34.7691376,51.17507,0
                34.768485,51.1752601,0
                34.7665418,51.1756432,0
                34.7647843,51.1758986,0
                34.7629678,51.1762616,0
                34.7619539,51.176417,0
                34.7615775,51.1765852,0
                34.7604954,51.1770287,0
                34.7602194,51.1771098,0
                34.7600093,51.17713,0
                34.7597581,51.1771241,0
                34.7594715,51.1771515,0
                34.7592719,51.1772004,0
                34.7585981,51.1775528,0
                34.7584994,51.1776569,0
                34.7584061,51.1778988,0
                34.7582993,51.1780752,0
                34.7580799,51.1782684,0
                34.7574408,51.1784562,0
                34.7571557,51.1785902,0
                34.7564817,51.1791109,0
                34.7557809,51.1794433,0
                34.7557024,51.1795,0
                34.7553663,51.1800106,0
                34.7551556,51.1801609,0
                34.7535255,51.1805871,0
                34.752953,51.1806296,0
                34.7527452,51.1805779,0
                34.7515948,51.1802442,0
                34.7486527,51.1798903,0
                34.743963,51.1796124,0
                34.7425135,51.1794151,0
                34.7407017,51.1794518,0
                34.7400822,51.1796327,0
                34.7393582,51.1797524,0
                34.7366657,51.179346,0
                34.7313689,51.1825064,0
                34.7168237,51.1715785,0
                34.7198953,51.1683317,0
                34.7238006,51.1656138,0
                34.7253884,51.1623305,0
                34.7464202,51.1644666,0
                34.7529281,51.1482034,0
                34.7580444,51.132905,0
                34.770404,51.1348439,0
                34.7755539,51.1324741,0
                34.7791588,51.1232091,0
                34.7851669,51.1205155,0
                34.803363,51.1177139,0
                34.8091995,51.1159898,0
                34.8122904,51.1035936,0
                34.8119471,51.1025966,0
                34.8234484,51.1016534,0
                34.821646,51.09594,0
                34.8213026,51.0884469,0
                34.8207876,51.0855894,0
                34.8218605,51.0822466,0
                34.8257658,51.0807907,0
                34.8294565,51.080629,0
                34.8394558,51.0788226,0
                34.844949,51.0775014,0
                34.8493693,51.0754253,0
                34.8475239,51.0732951,0
                34.851515,51.0722704,0
                34.8531458,51.0720008,0
                34.8539183,51.0710031,0
                34.8603127,51.0698435,0
                34.8595402,51.0662837,0
                34.8662779,51.0653668,0
                34.8715136,51.0668501,0
                34.873316,51.0682794,0
                34.875848,51.0675243,0
                34.8770926,51.0666343,0
                34.8787663,51.066014,0
                34.8876927,51.0665265,0
                34.8973915,51.0688457,0
                34.9014685,51.071057,0
                34.9117745,51.0858881,0
                34.9228774,51.0890016,0
                34.928332,51.0892713,0
                34.9392324,51.0976806,0
                34.9501329,51.106304,0
                34.9654967,51.1028009,0
                34.9637373,51.0986641,0
                34.9908598,51.0978556,0
                35.0162657,51.0898776,0
                35.0296553,51.1059939,0
                35.0439911,51.1055105,0
                35.0510292,51.1122734,0
                35.0688831,51.1156689,0
                35.0764351,51.1095791,0
                35.10798,51.1066702,0
                35.1127415,51.0985848,0
                35.1163463,51.0865095,0
                35.1407512,51.0739323,0
                35.1477799,51.082615,0
                35.1556455,51.0907772,0
                35.1735736,51.0872943,0
                35.1769801,51.0987138,0
                35.1730756,51.1004224,0
                35.1700291,51.1033437,0
                35.1695678,51.1027671,0
                35.1692782,51.1017593,0
                35.1684415,51.1004442,0
                35.164633,51.1008646,0
                35.1643433,51.1051655,0
                35.1670256,51.1057099,0
                35.1643141,51.1071195,0
                35.1631475,51.1088255,0
                35.163755,51.1117048,0
                35.1680537,51.1194875,0
                35.1745125,51.1215348,0
                35.168338,51.1261744,0
                35.1639359,51.1273759,0
                35.153722,51.1313888,0
                35.1416199,51.1339202,0
                35.1420062,51.1345665,0
                35.1419203,51.1352667,0
                35.1424782,51.1358591,0
                35.1440661,51.137017,0
                35.1437657,51.1387134,0
                35.143079,51.1391712,0
                35.1434224,51.1398982,0
                35.1429074,51.1408675,0
                35.1415341,51.1413252,0
                35.1405041,51.142483,0
                35.1387446,51.1427792,0
                35.1380579,51.1434523,0
                35.1383584,51.1439369,0
                35.1377575,51.1444754,0
                35.136513,51.1444215,0
                35.1360838,51.1447446,0
                35.1364272,51.1452292,0
                35.1361697,51.1469792,0
                35.1353972,51.1479753,0
                35.1358693,51.1488906,0
                35.1375,51.1495905,0
                35.1399462,51.1503712,0
                35.140581,51.1509103,0
                35.1405899,51.1513941,0
                35.1393025,51.1525247,0
                35.1375859,51.1536822,0
                35.1341956,51.1550281,0
                35.1326935,51.1554049,0
                35.1317494,51.1563201,0
                35.129432,51.1572083,0
                35.1274048,51.1584817,0
                35.1253679,51.1605944,0
                35.1230729,51.1653616,0
                35.1342999,51.1709806,0
                35.1308655,51.1740488,0
              </coordinates>
            </LinearRing>
          </outerBoundaryIs>
        </Polygon>
      </Placemark>
      <Placemark>
        <name>Sumy region</name>
        <styleUrl>#poly-FF5252-2270-92-nodesc</styleUrl>
        <Polygon>
          <outerBoundaryIs>
            <LinearRing>
              <tessellate>1</tessellate>
              <coordinates>
                35.2882925,51.0693216,0
                35.2880268,51.0686324,0
                35.2866493,51.0674384,0
                35.2862406,51.0673219,0
                35.2858217,51.0672906,0
                35.2849307,51.067556,0
                35.284242,51.0675118,0
                35.2830079,51.0670202,0
                35.2824605,51.0670275,0
                35.282101,51.0674491,0
                35.2815242,51.0677138,0
                35.2810762,51.067655,0
                35.2800932,51.0669982,0
                35.277295,51.0641144,0
                35.276943,51.0640355,0
                35.2760832,51.0658434,0
                35.2757383,51.0662219,0
                35.2753506,51.0664115,0
                35.2749856,51.0663746,0
                35.274095,51.0659785,0
                35.273891,51.0657443,0
                35.2738478,51.064241,0
                35.2745984,51.0633984,0
                35.2762502,51.0623401,0
                35.2756533,51.0607395,0
                35.2756338,51.0597808,0
                35.2757904,51.0591329,0
                35.2757216,51.0588356,0
                35.266692,51.057916,0
                35.267224,51.0448842,0
                35.2729797,51.038042,0
                35.2766215,51.0342726,0
                35.2785143,51.0321146,0
                35.2799779,51.031576,0
                35.28342,51.0321719,0
                35.2877848,51.0308512,0
                35.2960112,51.0264534,0
                35.308709,51.023137,0
                35.310634,51.0228976,0
                35.3227578,51.0135134,0
                35.3251597,51.0148177,0
                35.3262297,51.0135767,0
                35.3293825,51.0110932,0
                35.3303316,51.0106208,0
                35.3318385,51.0100674,0
                35.3324871,51.009649,0
                35.3336507,51.0091495,0
                35.3342142,51.0089562,0
                35.3365801,51.0083174,0
                35.3379776,51.0080553,0
                35.3399974,51.0076043,0
                35.3411402,51.0074041,0
                35.342401,51.0072603,0
                35.3460999,51.0067294,0
                35.3483395,51.0063604,0
                35.3499355,51.0061788,0
                35.3543424,51.005835,0
                35.358178,51.0054175,0
                35.3590041,51.0054601,0
                35.3602635,51.0056418,0
                35.3620508,51.0061977,0
                35.3634327,51.006712,0
                35.3642567,51.0069967,0
                35.3655248,51.0073052,0
                35.3672671,51.0080639,0
                35.368398,51.0084851,0
                35.3692584,51.0086248,0
                35.3712336,51.0087216,0
                35.3719642,51.0086835,0
                35.3732153,51.0085981,0
                35.3740768,51.0086363,0
                35.3745521,51.0087286,0
                35.3750328,51.0089897,0
                35.3754341,51.0094442,0
                35.375771,51.0099663,0
                35.3758741,51.0109339,0
                35.375454,51.0116546,0
                35.3828382,51.0129019,0
                35.3838395,51.0198221,0
                35.4093133,51.0264582,0
                35.4062647,51.0480375,0
                35.3753922,51.0668084,0
                35.327842,51.0709075,0
                35.3280137,51.0710154,0
                35.3259538,51.0740625,0
                35.3280288,51.0770774,0
                35.3125213,51.0772846,0
                35.3117578,51.078636,0
                35.3041215,51.078677,0
                35.3037086,51.0773044,0
                35.3050123,51.0763632,0
                35.304771,51.0750984,0
                35.3036715,51.0740494,0
                35.301215,51.0737309,0
                35.3011619,51.0720103,0
                35.2983743,51.0724622,0
                35.2982244,51.0707597,0
                35.2961755,51.0698257,0
                35.2941268,51.0693905,0
                35.2882925,51.0693216,0
              </coordinates>
            </LinearRing>
          </outerBoundaryIs>
        </Polygon>
      </Placemark>
      <Placemark>
        <name>Donetsk Front</name>
        <styleUrl>#poly-FF5252-2568-97-nodesc</styleUrl>
        <Polygon>
          <outerBoundaryIs>
            <LinearRing>
              <tessellate>1</tessellate>
              <coordinates>
                37.3724856,48.2735233,0
                38.0785146,47.1157781,0
                38.2571662,47.8125679,0
                38.2218422,48.8380858,0
                38.2264136,48.8551643,0
                38.2258376,48.856836,0
                38.2263313,48.8574824,0
                38.227297,48.8580159,0
                38.2291441,48.858062,0
                38.2293932,48.8657003,0
                38.2291486,48.8661519,0
                38.2286664,48.8662407,0
                38.228006,48.8681125,0
                38.2275218,48.8835999,0
                38.2278569,48.8844347,0
                38.2276773,48.8960489,0
                38.2272053,48.9096224,0
                38.2267835,48.9213859,0
                38.2235699,48.9336716,0
                38.2235782,48.9345812,0
                38.2215557,48.9338641,0
                38.21816,48.9328931,0
                38.2173689,48.9325808,0
                38.215891,48.9318879,0
                38.2148455,48.9316676,0
                38.2134897,48.931232,0
                38.21134,48.9306695,0
                38.2081565,48.9298544,0
                38.2019959,48.9285511,0
                38.2012747,48.9283368,0
                38.2001733,48.9281438,0
                38.1993114,48.9280191,0
                38.198396,48.9278732,0
                38.1973785,48.9277549,0
                38.1935348,48.9277073,0
                38.1914722,48.9277989,0
                38.190606,48.9278659,0
                38.1887874,48.92814,0
                38.1878272,48.9283242,0
                38.1862287,48.9287383,0
                38.1851879,48.928955,0
                38.1845763,48.9290219,0
                38.1826612,48.9290202,0
                38.1811028,48.928977,0
                38.1806938,48.9289792,0
                38.1791368,48.9290449,0
                38.1705425,48.9305139,0
                38.1677415,48.931038,0
                38.1671554,48.9310794,0
                38.1664211,48.9310377,0
                38.1657914,48.9309547,0
                38.1649962,48.9307655,0
                38.1641151,48.9305974,0
                38.1634452,48.9304993,0
                38.1628022,48.9303765,0
                38.1621585,48.9303314,0
                38.1607826,48.9302892,0
                38.1599444,48.9303094,0
                38.1590445,48.9303773,0
                38.1582392,48.9304812,0
                38.1574553,48.9305676,0
                38.1564297,48.9305466,0
                38.153764,48.930672,0
                38.1525789,48.9307814,0
                38.1517263,48.9309225,0
                38.1517759,48.9309084,0
                38.1486141,48.931743,0
                38.1478514,48.9319418,0
                38.1470832,48.9321265,0
                38.1462809,48.9323049,0
                38.1453807,48.9324357,0
                38.1445207,48.9324961,0
                38.1437905,48.9324562,0
                38.1431618,48.9323869,0
                38.1425761,48.9323106,0
                38.1419981,48.9321745,0
                38.1412551,48.9318916,0
                38.1407156,48.9315738,0
                38.140219,48.9311714,0
                38.139773,48.9306134,0
                38.1394107,48.929868,0
                38.1388284,48.9288663,0
                38.1386164,48.9284918,0
                38.1378519,48.927335,0
                38.1371364,48.9259148,0
                38.1366819,48.9254627,0
                38.1356013,48.9247752,0
                38.1332576,48.9238533,0
                38.1324804,48.9236364,0
                38.1319634,48.9236612,0
                38.131358,48.9237239,0
                38.1307386,48.9238722,0
                38.1296438,48.9245563,0
                38.1290921,48.9249424,0
                38.1278992,48.9256704,0
                38.1272817,48.9260044,0
                38.1267554,48.9261737,0
                38.1262347,48.9262725,0
                38.1256135,48.9264479,0
                38.1248793,48.9265828,0
                38.1242806,48.9266393,0
                38.1236501,48.9266429,0
                38.1222472,48.926576,0
                38.1196236,48.9265337,0
                38.1179117,48.9267523,0
                38.1172345,48.9270485,0
                38.1140485,48.9266831,0
                38.1136605,48.926895,0
                38.1128218,48.9270681,0
                38.1105865,48.9277139,0
                38.1076948,48.9283347,0
                38.1061643,48.9286406,0
                38.1012678,48.9295822,0
                38.0999862,48.9298291,0
                38.0986617,48.9300725,0
                38.0968565,48.9304957,0
                38.0908388,48.9327348,0
                38.089467,48.933182,0
                38.0880174,48.9337227,0
                38.087551,48.9336815,0
                38.0873313,48.9335499,0
                38.0849016,48.9347126,0
                38.0836598,48.9350086,0
                38.0829409,48.9350746,0
                38.0822222,48.9350313,0
                38.0797146,48.9352828,0
                38.0781057,48.93531,0
                38.0769801,48.93497,0
                38.0746556,48.9343913,0
                38.0736776,48.9342073,0
                38.0730858,48.9341078,0
                38.0725274,48.9341528,0
                38.0716137,48.9344323,0
                38.0697311,48.9347338,0
                38.0669151,48.9350759,0
                38.0660235,48.9351183,0
                38.0647322,48.9347085,0
                38.0625195,48.9338748,0
                38.061478,48.9333376,0
                38.0586338,48.9334652,0
                38.0556917,48.933553,0
                38.0461595,48.933834,0
                38.044614,48.9347696,0
                38.0431915,48.9333413,0
                38.0425663,48.9314994,0
                38.0422843,48.9290937,0
                38.0401268,48.9275905,0
                38.0389019,48.9260503,0
                38.0373104,48.9244364,0
                38.032069,48.9172608,0
                38.0308622,48.9146677,0
                38.0293979,48.9134282,0
                38.0282308,48.9135467,0
                38.0272782,48.9154702,0
                38.0258666,48.9166519,0
                38.0240086,48.9170835,0
                38.0224296,48.9170637,0
                38.0213656,48.9167901,0
                38.0210213,48.9162168,0
                38.0213638,48.9145154,0
                38.0205038,48.9128048,0
                38.0189557,48.912204,0
                38.0168895,48.9113408,0
                38.01654,48.9094622,0
                38.0156755,48.9081477,0
                38.0146984,48.9078061,0
                38.0137212,48.9078029,0
                38.0124535,48.9083607,0
                38.0112055,48.9091379,0
                38.0095678,48.9089433,0
                38.0086958,48.9081591,0
                38.0082394,48.9064215,0
                38.0076114,48.9052197,0
                38.0062967,48.9045821,0
                38.0054427,48.9046711,0
                38.0048461,48.9050422,0
                38.0050262,48.9062357,0
                38.0048715,48.9072123,0
                38.0039609,48.9084886,0
                37.9997363,48.9109283,0
                37.9971425,48.9109139,0
                37.9961031,48.9102862,0
                37.9952352,48.9094329,0
                37.9952455,48.9078522,0
                37.9947511,48.9063265,0
                37.9938482,48.9058139,0
                37.992522,48.9058948,0
                37.9913673,48.9072168,0
                37.9902595,48.9094096,0
                37.9886446,48.9106924,0
                37.9866163,48.9111142,0
                37.983515,48.9107744,0
                37.9812721,48.9108858,0
                37.9790808,48.910429,0
                37.9775123,48.909154,0
                37.9750856,48.9064122,0
                37.9743524,48.9039751,0
                37.9729352,48.9030046,0
                37.9672448,48.9016023,0
                37.9643011,48.9011027,0
                37.9612461,48.9010622,0
                37.959311,48.9008587,0
                37.9565175,48.9012192,0
                37.9529047,48.9018272,0
                37.9519516,48.9021437,0
                37.9511701,48.9029116,0
                37.9511521,48.9043909,0
                37.9525753,48.9056005,0
                37.9539985,48.9064998,0
                37.9549067,48.9067785,0
                37.9559648,48.9081192,0
                37.9561067,48.9093338,0
                37.9544164,48.911199,0
                37.9524608,48.9118894,0
                37.9482062,48.9109571,0
                37.9459628,48.9102766,0
                37.9443202,48.9088625,0
                37.9428495,48.9080126,0
                37.9403181,48.9065943,0
                37.9363279,48.9028628,0
                37.9346541,48.9001992,0
                37.9332379,48.899059,0
                37.9324655,48.8977942,0
                37.9323798,48.8955467,0
                37.9313506,48.8936474,0
                37.9314377,48.8915418,0
                37.9296191,48.8891986,0
                37.9272856,48.8867425,0
                37.9263953,48.8853859,0
                37.9237567,48.8834626,0
                37.9225559,48.8829787,0
                37.9215698,48.8820432,0
                37.9185465,48.880539,0
                37.9160264,48.8795753,0
                37.9143218,48.8792041,0
                37.9111712,48.8797913,0
                37.9093939,48.8792496,0
                37.9082425,48.8786176,0
                37.9047385,48.8774665,0
                37.9021218,48.8780612,0
                37.9000199,48.8794463,0
                37.9001078,48.8819905,0
                37.9024271,48.8831234,0
                37.9025149,48.8848209,0
                37.8996433,48.8872282,0
                37.897628,48.8881073,0
                37.8951407,48.8884502,0
                37.8932262,48.8881772,0
                37.8894236,48.8863239,0
                37.8860243,48.8862292,0
                37.8831741,48.8855883,0
                37.8831565,48.8828027,0
                37.8850575,48.8813675,0
                37.885171,48.8798173,0
                37.8842976,48.8786905,0
                37.8822261,48.8776115,0
                37.8780204,48.8768212,0
                37.875703,48.8768212,0
                37.8708107,48.8772163,0
                37.8657465,48.8797566,0
                37.8651028,48.8798695,0
                37.8619511,48.8807024,0
                37.8603203,48.8816902,0
                37.8610499,48.8827344,0
                37.8631098,48.8832141,0
                37.8639252,48.8840325,0
                37.8628094,48.8862619,0
                37.8604921,48.8865441,0
                37.8594621,48.8855846,0
                37.8556427,48.885359,0
                37.8510507,48.8856694,0
                37.8426393,48.8879834,0
                37.8380045,48.890523,0
                37.8350849,48.8916622,0
                37.8304072,48.8921136,0
                37.823369,48.8935809,0
                37.8225966,48.8905054,0
                37.8163736,48.8850593,0
                37.8163736,48.8828863,0
                37.8052155,48.877637,0
                37.8012674,48.8763952,0
                37.8007759,48.874107,0
                37.8090155,48.8667675,0
                37.807127,48.8610082,0
                37.8081571,48.8570554,0
                37.8012905,48.8534977,0
                37.8012046,48.8464377,0
                37.8097018,48.8454773,0
                37.81365,48.8455338,0
                37.8164823,48.8370039,0
                37.8258378,48.8379643,0
                37.8262168,48.8350512,0
                37.8251869,48.8338083,0
                37.8286201,48.8287233,0
                37.8276132,48.8211955,0
                37.8257144,48.8192075,0
                37.8257144,48.8131036,0
                37.8251677,48.8101636,0
                37.8208761,48.8103614,0
                37.8195886,48.8074362,0
                37.8194599,48.8063763,0
                37.8049116,48.8041435,0
                37.8013067,48.8028433,0
                37.8013066,48.7999036,0
                37.8022507,48.79849,0
                37.800534,48.7932884,0
                37.7999331,48.7895564,0
                37.797444,48.7863897,0
                37.8005875,48.7825026,0
                37.7948279,48.7815094,0
                37.7909697,48.7791249,0
                37.7972582,48.7756443,0
                37.8018292,48.771711,0
                37.8122014,48.7681715,0
                37.8013114,48.7553901,0
                37.804205,48.7529778,0
                37.8031477,48.7492963,0
                37.7941682,48.7530241,0
                37.78319,48.7428887,0
                37.7741769,48.7449142,0
                37.7742087,48.7410431,0
                37.7713521,48.7403019,0
                37.763303,48.7391076,0
                37.7580194,48.7393224,0
                37.7567768,48.7365154,0
                37.7609009,48.7349209,0
                37.7676414,48.7350501,0
                37.7727909,48.7217452,0
                37.7263564,48.716819,0
                37.7241248,48.7120619,0
                37.7676409,48.705888,0
                37.764465,48.6945018,0
                37.7874676,48.6938785,0
                37.7907292,48.6930286,0
                37.7951923,48.6940484,0
                37.7978531,48.6925187,0
                37.796222,48.6794859,0
                37.7987969,48.675292,0
                37.8013718,48.6659396,0
                37.7996913,48.6655406,0
                37.7954254,48.659188,0
                37.7971954,48.6439958,0
                37.7794641,48.6419619,0
                37.784064,48.6203713,0
                37.7922728,48.6204522,0
                37.7934724,48.6114195,0
                37.7914331,48.6111764,0
                37.7940289,48.5976528,0
                37.7840234,48.5968621,0
                37.7743616,48.594481,0
                37.7751234,48.5892646,0
                37.7696096,48.5885959,0
                37.7696518,48.5865468,0
                37.775702,48.5870522,0
                37.7791043,48.587597,0
                37.7794314,48.5826999,0
                37.7762557,48.5810533,0
                37.776835,48.5805706,0
                37.7798195,48.5795709,0
                37.7807403,48.5794917,0
                37.7836624,48.578344,0
                37.7835337,48.5759305,0
                37.7824285,48.574454,0
                37.7831223,48.5735251,0
                37.7858259,48.5724674,0
                37.7860101,48.5698141,0
                37.7830382,48.5694095,0
                37.7832098,48.5681884,0
                37.7852697,48.5681316,0
                37.7886348,48.565633,0
                37.7916817,48.5618272,0
                37.7967456,48.559981,0
                37.7961448,48.5586176,0
                37.7962735,48.5579644,0
                37.79887,48.5579644,0
                37.7992776,48.5564163,0
                37.8006294,48.5547972,0
                37.8022172,48.5523968,0
                37.7976899,48.5508448,0
                37.7969067,48.5503334,0
                37.7967458,48.5497724,0
                37.7975611,48.5451628,0
                37.7815803,48.544087,0
                37.7709824,48.5416793,0
                37.7694836,48.546996,0
                37.767641,48.5509489,0
                37.7465543,48.546988,0
                37.7421462,48.5561038,0
                37.7368821,48.5548782,0
                37.7341929,48.557402,0
                37.7294881,48.5588737,0
                37.7269553,48.5582145,0
                37.722706,48.5568735,0
                37.7207307,48.5553278,0
                37.7179281,48.5579331,0
                37.7179281,48.5583308,0
                37.7153961,48.56208,0
                37.7132932,48.5636704,0
                37.6983101,48.5749144,0
                37.6940042,48.5771671,0
                37.6903136,48.579959,0
                37.685879,48.5767413,0
                37.6853778,48.5704908,0
                37.6813152,48.5646596,0
                37.6789181,48.5604044,0
                37.6750511,48.5569165,0
                37.667026,48.5617736,0
                37.6632494,48.56166,0
                37.6610608,48.5628813,0
                37.6589579,48.5625973,0
                37.6562971,48.5602967,0
                37.6518767,48.5590755,0
                37.6485723,48.5576269,0
                37.6425641,48.557286,0
                37.6416809,48.5584255,0
                37.6417095,48.5603758,0
                37.6388199,48.5625344,0
                37.6368745,48.5627995,0
                37.6361592,48.5632918,0
                37.6358444,48.5647497,0
                37.6349862,48.5662265,0
                37.633241,48.5680818,0
                37.6272329,48.5707892,0
                37.6252303,48.570827,0
                37.6232275,48.5713193,0
                37.6221689,48.5721711,0
                37.6208815,48.5739127,0
                37.619451,48.5745374,0
                37.6101526,48.5674383,0
                37.6236851,48.5593345,0
                37.6263421,48.5555251,0
                37.6246254,48.5526277,0
                37.6251833,48.5490483,0
                37.6220934,48.5465482,0
                37.6209774,48.540809,0
                37.6185741,48.5362626,0
                37.6192607,48.533364,0
                37.6165999,48.5301243,0
                37.6128233,48.5211429,0
                37.6119649,48.5161399,0
                37.6125656,48.5140931,0
                37.6095615,48.5142069,0
                37.6066433,48.51216,0
                37.6059565,48.5100561,0
                37.5944553,48.5081229,0
                37.585425,48.5211309,0
                37.5740525,48.5271568,0
                37.5625513,48.5315051,0
                37.5603625,48.5294589,0
                37.5568436,48.5307378,0
                37.5552985,48.530141,0
                37.5512645,48.5309936,0
                37.5491187,48.5295158,0
                37.5476595,48.5277538,0
                37.543926,48.5257927,0
                37.5314829,48.5185054,0
                37.5168915,48.5106592,0
                37.5156042,48.5194719,0
                37.5141452,48.5241903,0
                37.5133727,48.5246451,0
                37.5086519,48.5211206,0
                37.4657366,48.5178236,0
                37.465184,48.5221471,0
                37.4657848,48.5272064,0
                37.4666564,48.5361852,0
                37.4654595,48.5369113,0
                37.4600222,48.5520413,0
                37.4658976,48.5554677,0
                37.4680953,48.5596243,0
                37.4713225,48.5604024,0
                37.4726252,48.5610754,0
                37.4692748,48.5660698,0
                37.4681572,48.5668488,0
                37.4680602,48.5679238,0
                37.4663753,48.5680902,0
                37.4643359,48.5678832,0
                37.4661905,48.5701631,0
                37.4629469,48.5716562,0
                37.4610942,48.5704962,0
                37.4609079,48.5678916,0
                37.4578742,48.5677942,0
                37.4516279,48.5670643,0
                37.4455718,48.5657746,0
                37.4323325,48.566737,0
                37.4289206,48.5666409,0
                37.4274186,48.5656327,0
                37.4249723,48.5660445,0
                37.4159601,48.5632047,0
                37.4145439,48.5638011,0
                37.410703,48.5648519,0
                37.4083641,48.5648377,0
                37.3982361,48.5636592,0
                37.3963908,48.5625799,0
                37.3914985,48.5627787,0
                37.3891809,48.5613303,0
                37.3827436,48.5616712,0
                37.38004,48.5635741,0
                37.3791389,48.5654769,0
                37.376049,48.5655905,0
                37.3739461,48.5684304,0
                37.3701266,48.5678056,0
                37.3706416,48.5641705,0
                37.3675946,48.5630346,0
                37.3602813,48.5623009,0
                37.3522561,48.562301,0
                37.3454755,48.5605968,0
                37.3434585,48.5585518,0
                37.3458187,48.5553137,0
                37.3473636,48.55324,0
                37.3432804,48.5026952,0
                37.3428511,48.4999654,0
                37.3462844,48.499482,0
                37.346456,48.4956713,0
                37.3316072,48.4956145,0
                37.3162394,48.4956461,0
                37.3092442,48.4964424,0
                37.3087293,48.4982624,0
                37.2944177,48.4973112,0
                37.2860491,48.4920215,0
                37.2857486,48.4867312,0
                37.279011,48.4857072,0
                37.2821328,48.4747015,0
                37.2788228,48.4742062,0
                37.2677711,48.4710305,0
                37.2666383,48.4594382,0
                37.2695564,48.4458136,0
                37.2545961,48.3544196,0
                37.3724856,48.2735233,0
              </coordinates>
            </LinearRing>
          </outerBoundaryIs>
        </Polygon>
      </Placemark>
      <Placemark>
        <name>Donetsk Front</name>
        <styleUrl>#poly-FF5252-1200-77-nodesc</styleUrl>
        <Polygon>
          <outerBoundaryIs>
            <LinearRing>
              <tessellate>1</tessellate>
              <coordinates>
                38.0785416,47.1166924,0
                37.3724823,48.2744328,0
                37.2545986,48.3544187,0
                37.2695575,48.4458128,0
                37.2666392,48.4594374,0
                37.2667352,48.4607994,0
                37.2677718,48.4710297,0
                37.247378,48.4714289,0
                37.2292677,48.4696364,0
                37.2273794,48.4764363,0
                37.2239462,48.4758958,0
                37.2223154,48.4779441,0
                37.2198263,48.4880141,0
                37.2060076,48.4905739,0
                37.2042052,48.4918253,0
                37.1975104,48.491996,0
                37.1957937,48.4917684,0
                37.1921725,48.4929735,0
                37.1862502,48.4934285,0
                37.1853919,48.4919496,0
                37.1774097,48.4906982,0
                37.1742339,48.4920634,0
                37.1627326,48.4906413,0
                37.1540637,48.4886504,0
                37.1499438,48.4884228,0
                37.1508021,48.4859767,0
                37.1476093,48.4832233,0
                37.1371986,48.4848234,0
                37.1308042,48.485307,0
                37.1305038,48.4874403,0
                37.1261264,48.4878954,0
                37.1232511,48.4879523,0
                37.1229507,48.487099,0
                37.117715,48.4873834,0
                37.1164704,48.4748667,0
                37.1079732,48.4789349,0
                37.0978452,48.4767728,0
                37.0962144,48.4719931,0
                37.0964719,48.4699444,0
                37.099991,48.4677819,0
                37.1060849,48.4656763,0
                37.1079732,48.4578218,0
                37.1078015,48.4549188,0
                37.125311,48.4558296,0
                37.1267701,48.4486568,0
                37.1291734,48.4484291,0
                37.1315766,48.4367569,0
                37.1105654,48.4365309,0
                37.1021452,48.4346643,0
                37.0950212,48.4317599,0
                37.0972814,48.4235016,0
                37.0926466,48.4230649,0
                37.0797005,48.4204257,0
                37.0805015,48.418432,0
                37.0810451,48.4154697,0
                37.0727768,48.4146911,0
                37.0640364,48.4122129,0
                37.0616903,48.4125928,0
                37.0494451,48.4161059,0
                37.0464411,48.4163527,0
                37.0524426,48.402657,0
                37.0578214,48.3862435,0
                37.0458051,48.3844194,0
                37.0469495,48.3818352,0
                37.0345899,48.379707,0
                37.0359631,48.3740059,0
                37.0222302,48.3726375,0
                37.000372,48.3717252,0
                36.9981976,48.3641224,0
                37.0026608,48.3629059,0
                37.0065672,48.3486496,0
                37.0144636,48.3139558,0
                37.0058806,48.3144125,0
                36.9928343,48.3173806,0
                36.9962675,48.3025383,0
                36.9895727,48.3032234,0
                36.992491,48.2888338,0
                36.9785864,48.28792,0
                36.97172,48.2867778,0
                36.9627936,48.2859782,0
                36.9650182,48.2777034,0
                36.9674227,48.2666595,0
                36.9619323,48.2678795,0
                36.9536989,48.2684902,0
                36.9526821,48.2669691,0
                36.9609503,48.2554727,0
                36.9616956,48.2471087,0
                36.9453397,48.2451231,0
                36.9310636,48.2456074,0
                36.9261429,48.2451764,0
                36.9269984,48.2407576,0
                36.9267509,48.2406783,0
                36.926718,48.2404561,0
                36.9269098,48.2393542,0
                36.9268183,48.2389053,0
                36.9278798,48.2388937,0
                36.928887,48.2376414,0
                36.9300857,48.2315927,0
                36.9286228,48.2312631,0
                36.9345398,48.1987967,0
                36.9356459,48.1955687,0
                36.9364085,48.1944004,0
                36.9377335,48.1802723,0
                36.9287392,48.1780818,0
                36.9111803,48.1742462,0
                36.9054457,48.1688784,0
                36.8760238,48.1680873,0
                36.8903688,48.103371,0
                36.8917347,48.0985581,0
                36.8922889,48.0981722,0
                36.893358,48.0969265,0
                36.8943727,48.0891348,0
                36.8942555,48.0821259,0
                36.8948249,48.0773819,0
                36.8820016,48.0627114,0
                36.8816471,48.0617778,0
                36.8785355,48.0618606,0
                36.8769007,48.0514755,0
                36.8713802,48.0515855,0
                36.8582206,48.0523259,0
                36.8565383,48.0341528,0
                36.8558159,48.0336829,0
                36.8541065,48.0330121,0
                36.8538635,48.03256,0
                36.8532174,48.0326387,0
                36.8520993,48.0330617,0
                36.8474168,48.0349408,0
                36.8466002,48.0355325,0
                36.8455046,48.0365834,0
                36.8449121,48.0369776,0
                36.8450034,48.0372948,0
                36.8445334,48.0375745,0
                36.8428242,48.0381914,0
                36.8418948,48.0382701,0
                36.8411399,48.0382581,0
                36.8397332,48.0379842,0
                36.8390441,48.0377179,0
                36.8386778,48.0373726,0
                36.8386146,48.0369915,0
                36.8379061,48.036457,0
                36.8375142,48.0360758,0
                36.8370044,48.0357104,0
                36.8364195,48.0353449,0
                36.8358883,48.0351687,0
                36.8353034,48.0350104,0
                36.8347735,48.0348261,0
                36.8341793,48.0346956,0
                36.8335983,48.0346525,0
                36.8327893,48.0347726,0
                36.8323531,48.0349286,0
                36.8320538,48.0349716,0
                36.8312595,48.0354208,0
                36.8308676,48.0355758,0
                36.8308047,48.035798,0
                36.8298915,48.0359914,0
                36.8293002,48.0359552,0
                36.8270447,48.0356533,0
                36.8267283,48.0357218,0
                36.8263904,48.0359194,0
                36.8260364,48.0362428,0
                36.8246203,48.0372054,0
                36.8231801,48.0380024,0
                36.821772,48.038699,0
                36.8206187,48.0392467,0
                36.8195163,48.0397101,0
                36.8184515,48.0400084,0
                36.8175101,48.0401634,0
                36.8168905,48.0401856,0
                36.815976,48.0401421,0
                36.815606,48.0398421,0
                36.8148096,48.0397963,0
                36.8135412,48.0398187,0
                36.813072,48.0398846,0
                36.8126832,48.0399953,0
                36.8117695,48.0405519,0
                36.8109068,48.0411157,0
                36.8099742,48.0419395,0
                36.8086447,48.0432833,0
                36.8084118,48.0436683,0
                36.8081896,48.044455,0
                36.8082118,48.0449255,0
                36.8081483,48.0452431,0
                36.808058,48.0455033,0
                36.8078452,48.0457458,0
                36.8070467,48.0462127,0
                36.8063073,48.0465371,0
                36.805887,48.0466751,0
                36.8048072,48.0467758,0
                36.8043442,48.0468586,0
                36.8039869,48.0470422,0
                36.8038284,48.0472075,0
                36.8036323,48.0474911,0
                36.803503,48.0478109,0
                36.803144,48.0480574,0
                36.8030693,48.0486769,0
                36.8032601,48.0499562,0
                36.8039821,48.0510101,0
                36.8039746,48.0515619,0
                36.8038609,48.0517652,0
                36.8034896,48.0519255,0
                36.8026125,48.051947,0
                36.8018991,48.0518224,0
                36.8011025,48.0515436,0
                36.8001154,48.0510596,0
                36.7996084,48.05064,0
                36.7990451,48.0499731,0
                36.7987044,48.0494998,0
                36.7982122,48.0492936,0
                36.797248,48.0489834,0
                36.7964086,48.048571,0
                36.7962557,48.0482483,0
                36.795832,48.0478878,0
                36.7949938,48.0477165,0
                36.7936353,48.0475722,0
                36.7927864,48.0476771,0
                36.7926348,48.047721,0
                36.7911704,48.0481405,0
                36.7899674,48.0486687,0
                36.7886069,48.0491389,0
                36.7872999,48.0496737,0
                36.7864868,48.0495853,0
                36.7860466,48.0494161,0
                36.78555,48.0489116,0
                36.7852976,48.0484412,0
                36.7853418,48.0478471,0
                36.7850361,48.04722,0
                36.7840169,48.0464028,0
                36.7833652,48.0459999,0
                36.7817532,48.0462779,0
                36.780895,48.047075,0
                36.7797336,48.0474579,0
                36.7791999,48.0472893,0
                36.777639,48.0462637,0
                36.7757884,48.0457661,0
                36.7746324,48.04581,0
                36.7737528,48.0463659,0
                36.7735384,48.0472426,0
                36.7736913,48.0485496,0
                36.7735841,48.0490462,0
                36.7696065,48.0513645,0
                36.7686543,48.0518612,0
                36.767525,48.0524582,0
                36.7653871,48.0542941,0
                36.7652488,48.0548248,0
                36.7651127,48.0551771,0
                36.7647888,48.0554863,0
                36.7642441,48.0556136,0
                36.7636781,48.0556585,0
                36.7621354,48.0555311,0
                36.7614808,48.054925,0
                36.7602683,48.0529744,0
                36.7579402,48.0522285,0
                36.7572368,48.0522644,0
                36.7568338,48.0519918,0
                36.7563935,48.0514109,0
                36.7558997,48.0509232,0
                36.7547832,48.0501343,0
                36.7541704,48.0498582,0
                36.7537345,48.0495892,0
                36.7536838,48.0492217,0
                36.7514066,48.0489008,0
                36.7487459,48.0496754,0
                36.7475013,48.0496753,0
                36.744583,48.0499478,0
                36.7442532,48.050396,0
                36.7442505,48.0516545,0
                36.7440279,48.0523304,0
                36.7434874,48.0526057,0
                36.7428316,48.0531373,0
                36.7428416,48.0538979,0
                36.7432329,48.0548018,0
                36.7435169,48.0557056,0
                36.7435702,48.0573301,0
                36.7434518,48.0585244,0
                36.7440305,48.0592349,0
                36.744523,48.0594537,0
                36.745332,48.0595506,0
                36.7464413,48.0597013,0
                36.7476204,48.0599452,0
                36.7481923,48.0602717,0
                36.7490378,48.0611718,0
                36.7488222,48.0619929,0
                36.748414,48.0622923,0
                36.7482099,48.062607,0
                36.7482203,48.0628355,0
                36.7482793,48.0630972,0
                36.7484998,48.0635743,0
                36.7480981,48.0642038,0
                36.7476829,48.0647292,0
                36.7475353,48.0647393,0
                36.7463578,48.0651617,0
                36.7441046,48.0661881,0
                36.7407784,48.0679315,0
                36.7402621,48.0681243,0
                36.738563,48.0678492,0
                36.7383755,48.0679283,0
                36.7380755,48.0680146,0
                36.7374914,48.0680796,0
                36.7351626,48.0681042,0
                36.7329196,48.0681862,0
                36.7314229,48.0683994,0
                36.729548,48.0688941,0
                36.7239132,48.0511363,0
                36.7194773,48.042056,0
                36.714356,48.038714,0
                36.7102937,48.0386865,0
                36.7075643,48.0377793,0
                36.7062084,48.0345764,0
                36.7010936,48.032188,0
                36.7001345,48.0267224,0
                36.7059421,48.0246314,0
                36.7165957,48.0205974,0
                36.7225899,48.0225588,0
                36.7281616,48.0163054,0
                36.7354479,48.0063771,0
                36.7405784,48.000187,0
                36.7410833,47.9746881,0
                36.729918,47.9733194,0
                36.7025608,47.9670331,0
                36.6669074,47.9623483,0
                36.639153,47.9629422,0
                36.6295884,47.9616858,0
                36.6396993,47.9202171,0
                36.6167265,47.9174257,0
                36.5894045,47.9217694,0
                36.5916447,47.9110952,0
                36.5842847,47.9009688,0
                36.6434806,47.9041092,0
                36.6078991,47.840773,0
                36.5987952,47.817036,0
                36.5884204,47.8159481,0
                36.5869902,47.7854785,0
                36.5939501,47.7835981,0
                36.5988937,47.7840801,0
                36.6116505,47.7859253,0
                36.616296,47.7857884,0
                36.6222613,47.7868913,0
                36.6222076,47.7875978,0
                36.6235488,47.7877205,0
                36.6711973,47.7932435,0
                36.6800898,47.7597494,0
                36.6789728,47.7572642,0
                36.6855641,47.7306171,0
                36.6999837,47.732349,0
                38.0785416,47.1166924,0
              </coordinates>
            </LinearRing>
          </outerBoundaryIs>
        </Polygon>
      </Placemark>
      <Placemark>
        <name>Dnipropetrovsk Front</name>
        <styleUrl>#poly-FF5252-1200-105-nodesc</styleUrl>
        <Polygon>
          <outerBoundaryIs>
            <LinearRing>
              <tessellate>1</tessellate>
              <coordinates>
                36.5343884,47.8635706,0
                36.4955753,47.8578805,0
                36.444497,47.8718703,0
                36.4315527,47.8703752,0
                36.4228147,47.8720002,0
                36.4202465,47.8716632,0
                36.4182768,47.8708048,0
                36.4160377,47.8680413,0
                36.3668674,47.8668424,0
                36.3530316,47.8516803,0
                36.351559,47.8429684,0
                36.3273347,47.8393666,0
                36.3503357,47.8384165,0
                36.374514,47.8376442,0
                36.376254,47.8299841,0
                36.3783296,47.8306783,0
                36.3805905,47.8304924,0
                36.3812274,47.830918,0
                36.3822003,47.8311452,0
                36.3830874,47.8315453,0
                36.3849204,47.8307491,0
                36.3876102,47.8307805,0
                36.3892701,47.8319643,0
                36.3917884,47.8313042,0
                36.3984264,47.8313353,0
                36.4064711,47.8299618,0
                36.4148586,47.8276659,0
                36.4163922,47.8278733,0
                36.4174537,47.8282536,0
                36.4191047,47.828265,0
                36.4202836,47.8288815,0
                36.4211622,47.829181,0
                36.4234416,47.8288662,0
                36.4257639,47.8288107,0
                36.4288371,47.8275882,0
                36.4316956,47.8263657,0
                36.4370788,47.8270072,0
                36.4532894,47.8241515,0
                36.4583196,47.8243276,0
                36.4676414,47.8241574,0
                36.4749553,47.8244504,0
                36.4867756,47.8252897,0
                36.5000556,47.8265887,0
                36.5225837,47.8283518,0
                36.5219905,47.8365486,0
                36.5846895,47.8473965,0
                36.5769116,47.8797839,0
                36.549864,47.8774311,0
                36.5423993,47.9058021,0
                36.5916447,47.9110952,0
                36.5894045,47.9217694,0
                36.5930105,47.9220266,0
                36.6167265,47.9174257,0
                36.6396993,47.9202171,0
                36.6321954,47.9499314,0
                36.6323906,47.9506157,0
                36.6329292,47.9506749,0
                36.6295884,47.9616858,0
                36.593204,47.9574767,0
                36.592136,47.9569797,0
                36.5875491,47.9563676,0
                36.5310396,47.9307288,0
                36.5361908,47.9192068,0
                36.5478336,47.877606,0
                36.5343884,47.8635706,0
              </coordinates>
            </LinearRing>
          </outerBoundaryIs>
        </Polygon>
      </Placemark>
      <Placemark>
        <name>Dnipropetrovsk Front</name>
        <styleUrl>#poly-FF5252-2469-102-nodesc</styleUrl>
        <Polygon>
          <outerBoundaryIs>
            <LinearRing>
              <tessellate>1</tessellate>
              <coordinates>
                36.729548,48.0688941,0
                36.7314229,48.0683994,0
                36.7329196,48.0681862,0
                36.7351626,48.0681042,0
                36.7374914,48.0680796,0
                36.7380755,48.0680146,0
                36.738563,48.0678492,0
                36.7402621,48.0681243,0
                36.7407784,48.0679315,0
                36.7441046,48.0661881,0
                36.7463578,48.0651617,0
                36.7476829,48.0647292,0
                36.7480981,48.0642038,0
                36.7484998,48.0635743,0
                36.7482793,48.0630972,0
                36.7482258,48.0627768,0
                36.7482099,48.062607,0
                36.748414,48.0622923,0
                36.7488222,48.0619929,0
                36.7490378,48.0611718,0
                36.7481923,48.0602717,0
                36.7476204,48.0599452,0
                36.7464413,48.0597013,0
                36.7440305,48.0592349,0
                36.7434518,48.0585244,0
                36.7435702,48.0573301,0
                36.7435169,48.0557056,0
                36.7428416,48.0538979,0
                36.7428316,48.0531373,0
                36.7440279,48.0523304,0
                36.7442505,48.0516545,0
                36.744583,48.0499478,0
                36.7475013,48.0496753,0
                36.7487459,48.0496754,0
                36.7514066,48.0489008,0
                36.7536838,48.0492217,0
                36.7537345,48.0495892,0
                36.7541704,48.0498582,0
                36.7547832,48.0501343,0
                36.7558997,48.0509232,0
                36.7563935,48.0514109,0
                36.7568338,48.0519918,0
                36.7572368,48.0522644,0
                36.7579402,48.0522285,0
                36.7602683,48.0529744,0
                36.7614808,48.054925,0
                36.7621354,48.0555311,0
                36.7636781,48.0556585,0
                36.7647888,48.0554863,0
                36.7652488,48.0548248,0
                36.7653871,48.0542941,0
                36.767525,48.0524582,0
                36.7735841,48.0490462,0
                36.7737528,48.0463659,0
                36.7746324,48.04581,0
                36.7757884,48.0457661,0
                36.777639,48.0462637,0
                36.7791999,48.0472893,0
                36.7797336,48.0474579,0
                36.780895,48.047075,0
                36.7817532,48.0462779,0
                36.7833652,48.0459999,0
                36.7840169,48.0464028,0
                36.7850361,48.04722,0
                36.7853418,48.0478471,0
                36.7852976,48.0484412,0
                36.78555,48.0489116,0
                36.7860466,48.0494161,0
                36.7864868,48.0495853,0
                36.7872999,48.0496737,0
                36.7886069,48.0491389,0
                36.7899674,48.0486687,0
                36.7911704,48.0481405,0
                36.7926348,48.047721,0
                36.7927864,48.0476771,0
                36.7936353,48.0475722,0
                36.7949938,48.0477165,0
                36.795832,48.0478878,0
                36.7962557,48.0482483,0
                36.7964086,48.048571,0
                36.7987044,48.0494998,0
                36.7996084,48.05064,0
                36.8001154,48.0510596,0
                36.8011025,48.0515436,0
                36.8026125,48.051947,0
                36.8034896,48.0519255,0
                36.8039558,48.0515529,0
                36.8039821,48.0510101,0
                36.8032601,48.0499562,0
                36.8030693,48.0486769,0
                36.803144,48.0480574,0
                36.803503,48.0478109,0
                36.8036323,48.0474911,0
                36.8038284,48.0472075,0
                36.8039869,48.0470422,0
                36.8043442,48.0468586,0
                36.8048072,48.0467758,0
                36.805887,48.0466751,0
                36.8063073,48.0465371,0
                36.8078452,48.0457458,0
                36.808058,48.0455033,0
                36.8081407,48.0451137,0
                36.8081896,48.044455,0
                36.8084118,48.0436683,0
                36.8086615,48.0432599,0
                36.8099742,48.0419395,0
                36.8109068,48.0411157,0
                36.8126832,48.0399953,0
                36.8135412,48.0398187,0
                36.8184515,48.0400084,0
                36.8195163,48.0397101,0
                36.821772,48.038699,0
                36.8231801,48.0380024,0
                36.8246203,48.0372054,0
                36.8260364,48.0362428,0
                36.8263904,48.0359194,0
                36.8267283,48.0357218,0
                36.8270447,48.0356533,0
                36.8308676,48.0355758,0
                36.8370044,48.0357104,0
                36.8428242,48.0381914,0
                36.8455046,48.0365834,0
                36.8474168,48.0349408,0
                36.8541065,48.0330121,0
                36.8565383,48.0341528,0
                36.8569514,48.0349913,0
                36.8582206,48.0523259,0
                36.8713802,48.0515855,0
                36.8769007,48.0514755,0
                36.8785355,48.0618606,0
                36.8818135,48.0614256,0
                36.8820016,48.0627114,0
                36.8948249,48.0773819,0
                36.8942555,48.0821259,0
                36.8943727,48.0891348,0
                36.893358,48.0969265,0
                36.8922889,48.0981722,0
                36.8917347,48.0985581,0
                36.8884993,48.1129125,0
                36.8808815,48.146176,0
                36.8742013,48.1454355,0
                36.8762612,48.1356987,0
                36.8646741,48.1343813,0
                36.8671632,48.1234392,0
                36.8293118,48.1193711,0
                36.8296551,48.1177094,0
                36.8045926,48.114787,0
                36.8087125,48.0989687,0
                36.8001294,48.0986821,0
                36.7951512,48.0975356,0
                36.7862248,48.0971917,0
                36.7747235,48.098854,0
                36.7681145,48.0986247,0
                36.7647671,48.0977076,0
                36.762793,48.0975356,0
                36.75318,48.1013188,0
                36.7492318,48.1007456,0
                36.7275166,48.0994846,0
                36.7277741,48.091115,0
                36.7275166,48.0869297,0
                36.7239976,48.0863564,0
                36.7185044,48.0858403,0
                36.7180538,48.0849946,0
                36.7187619,48.0846936,0
                36.7204785,48.0837045,0
                36.7211866,48.0830881,0
                36.7234182,48.0793322,0
                36.7243838,48.0785581,0
                36.7250275,48.0726656,0
                36.7254352,48.071877,0
                36.7261648,48.0711458,0
                36.7263365,48.0708877,0
                36.7287397,48.0692675,0
                36.729548,48.0688941,0
              </coordinates>
            </LinearRing>
          </outerBoundaryIs>
        </Polygon>
      </Placemark>
      <Placemark>
        <name>Dnipropetrovsk Front</name>
        <styleUrl>#poly-FF5252-2667-87-nodesc</styleUrl>
        <Polygon>
          <outerBoundaryIs>
            <LinearRing>
              <tessellate>1</tessellate>
              <coordinates>
                36.9261429,48.2451764,0
                36.9238993,48.2541455,0
                36.9114539,48.253174,0
                36.9100806,48.2532311,0
                36.9087931,48.2585458,0
                36.9014975,48.2582029,0
                36.894631,48.2575743,0
                36.8887946,48.2568886,0
                36.8886229,48.2534026,0
                36.8887946,48.2511737,0
                36.8848463,48.2509451,0
                36.8872496,48.2396849,0
                36.8876788,48.2369981,0
                36.88063,48.2359447,0
                36.8817458,48.2334578,0
                36.8795571,48.2318855,0
                36.8783984,48.2301703,0
                36.8821749,48.2137298,0
                36.8767676,48.2132436,0
                36.8757806,48.2084391,0
                36.8775401,48.1989145,0
                36.8861231,48.1990289,0
                36.897411,48.2042591,0
                36.9093045,48.2137713,0
                36.9234665,48.2150867,0
                36.9314488,48.2156015,0
                36.9286228,48.2312631,0
                36.9300857,48.2315927,0
                36.928887,48.2376414,0
                36.9278798,48.2388937,0
                36.9268183,48.2389053,0
                36.9269098,48.2393542,0
                36.9267509,48.2406783,0
                36.926957,48.2407603,0
                36.9261429,48.2451764,0
              </coordinates>
            </LinearRing>
          </outerBoundaryIs>
        </Polygon>
      </Placemark>
    </Folder>
    <Folder>
      <name>Defense lines and forts</name>
      <Placemark>
        <name>Fort</name>
        <styleUrl>#line-0288D1-3664-nodesc</styleUrl>
        <LineString>
          <tessellate>1</tessellate>
          <coordinates>
            37.7914956,48.4362236,0
            37.7916029,48.4353836,0
            37.7936628,48.4350206,0
            37.7961519,48.4345223,0
            37.7972784,48.4344725,0
            37.7974286,48.4353409,0
            37.7942958,48.4363517,0
            37.7914956,48.4362236,0
          </coordinates>
        </LineString>
      </Placemark>
      <Placemark>
        <name>Line 17</name>
        <styleUrl>#line-0288D1-4434-nodesc</styleUrl>
        <LineString>
          <tessellate>1</tessellate>
          <coordinates>
            36.7727687,47.9255916,0
            36.7477062,47.9260518,0
            36.7353466,47.9315728,0
            36.6927745,47.9301926,0
            36.6756084,47.9209903,0
            36.6598156,47.9145476,0
            36.6464265,47.9192656,0
            36.6296032,47.9179991,0
            36.6453963,47.8683903,0
            36.7144054,47.8460987,0
            36.6453963,47.8683903,0
            36.6296032,47.9179991,0
            36.6167265,47.9174257,0
            36.5842847,47.9009688,0
            36.5471174,47.8750132,0
            36.4955753,47.8578805,0
            36.4255052,47.8799451,0
            36.4955753,47.8578805,0
            36.5471174,47.8750132,0
            36.5842847,47.9009688,0
            36.6167265,47.9174257,0
            36.6296032,47.9179991,0
            36.6189601,47.9603189,0
            36.5856578,47.9646869,0
          </coordinates>
        </LineString>
      </Placemark>
      <Placemark>
        <name>Line 14</name>
        <styleUrl>#line-0288D1-3664-nodesc</styleUrl>
        <LineString>
          <tessellate>1</tessellate>
          <coordinates>
            37.3414634,48.4029359,0
            37.390859,48.4070384,0
          </coordinates>
        </LineString>
      </Placemark>
      <Placemark>
        <name>Line 3</name>
        <styleUrl>#line-0288D1-3278-nodesc</styleUrl>
        <LineString>
          <tessellate>1</tessellate>
          <coordinates>
            36.814032,47.9642397,0
            36.8171648,47.9863904,0
          </coordinates>
        </LineString>
      </Placemark>
      <Placemark>
        <name>Fort</name>
        <styleUrl>#line-0288D1-3086-nodesc</styleUrl>
        <LineString>
          <tessellate>1</tessellate>
          <coordinates>
            37.6600973,48.4524342,0
            37.6606338,48.4515376,0
            37.6679294,48.4495024,0
            37.6680367,48.4483923,0
            37.6734225,48.4482215,0
            37.6756327,48.4485061,0
            37.6765124,48.450399,0
            37.6761133,48.4514557,0
            37.6736027,48.4511426,0
            37.6735598,48.4521317,0
            37.6718861,48.4518364,0
            37.6702178,48.4517403,0
            37.6609588,48.4526369,0
            37.6600973,48.4524342,0
          </coordinates>
        </LineString>
      </Placemark>
      <Placemark>
        <name>Line 12</name>
        <styleUrl>#line-0288D1-3471-nodesc</styleUrl>
        <LineString>
          <tessellate>1</tessellate>
          <coordinates>
            36.6000269,47.8176765,0
            36.6062926,47.8337541,0
            36.6087817,47.8404372,0
            36.6229437,47.8422807,0
            36.620798,47.8521306,0
          </coordinates>
        </LineString>
      </Placemark>
      <Placemark>
        <name>Fort</name>
        <styleUrl>#line-0288D1-3856-nodesc</styleUrl>
        <LineString>
          <tessellate>1</tessellate>
          <coordinates>
            37.2951466,48.4032893,0
            37.2991163,48.4033463,0
            37.3023993,48.4029617,0
            37.3020131,48.4006253,0
            37.3005754,48.3995426,0
            37.2977001,48.3985026,0
            37.2951466,48.3986166,0
            37.2934729,48.3990867,0
            37.2931725,48.3996281,0
            37.2938806,48.4013091,0
            37.2945673,48.4024773,0
            37.2951466,48.4032893,0
          </coordinates>
        </LineString>
      </Placemark>
      <Placemark>
        <name>Fort</name>
        <styleUrl>#line-0288D1-2893-nodesc</styleUrl>
        <LineString>
          <tessellate>1</tessellate>
          <coordinates>
            37.5212117,48.4095407,0
            37.52413,48.4095407,0
            37.5232717,48.4040709,0
            37.5233575,48.3992273,0
            37.5195809,48.3989424,0
            37.5205251,48.4040709,0
            37.5232717,48.4040709,0
            37.5205251,48.4040709,0
            37.5212117,48.4095407,0
          </coordinates>
        </LineString>
      </Placemark>
      <Placemark>
        <name>Line 2</name>
        <styleUrl>#line-0288D1-3278-nodesc</styleUrl>
        <LineString>
          <tessellate>1</tessellate>
          <coordinates>
            37.5413291,48.4370312,0
            37.5445906,48.4218819,0
            37.5207297,48.4194895,0
            37.501332,48.4074119,0
            37.4960103,48.4045915,0
            37.4920622,48.4034803,0
            37.479016,48.4049048,0
            37.4486319,48.4020557,0
            37.4328391,48.4005742,0
            37.423741,48.3978388,0
            37.4203078,48.3996624,0
            37.403485,48.3992065,0
            37.3927561,48.4001753,0
            37.3506133,48.3965851,0
            37.3413436,48.3912278,0
            37.3316447,48.3900309,0
            37.3359362,48.3729861,0
            37.3295848,48.3976109,0
            37.336537,48.401258,0
            37.336537,48.4087223,0
            37.338597,48.4210845,0
            37.3363654,48.4080956,0
            37.3607413,48.4104885,0
            37.3610846,48.4137929,0
            37.3664061,48.4176667,0
            37.3711268,48.4180085,0
            37.3733584,48.4255273,0
            37.3935687,48.4691559,0
            37.454527,48.4638497,0
            37.3935687,48.4691559,0
            37.3758197,48.4710575,0
            37.3745872,48.4602836,0
            37.3758197,48.4710575,0
            37.3935687,48.4691559,0
            37.3747285,48.429245,0
            37.4557874,48.4339573,0
            37.4624424,48.4446409,0
            37.4748786,48.4455405,0
            37.4999808,48.4414299,0
            37.539825,48.4406183,0
            37.5413291,48.4370312,0
            37.5518319,48.4421087,0
            37.5642436,48.4407049,0
            37.5743116,48.4417097,0
            37.6109884,48.4433931,0
            37.6500525,48.4742221,0
            37.6619518,48.4665299,0
            37.6500525,48.4742221,0
            37.6676157,48.4782534,0
            37.6893011,48.4804607,0
          </coordinates>
        </LineString>
      </Placemark>
      <Placemark>
        <name>Line 10</name>
        <styleUrl>#line-0288D1-3278-nodesc</styleUrl>
        <LineString>
          <tessellate>1</tessellate>
          <coordinates>
            37.6654897,48.4622735,0
            37.6630864,48.4647208,0
            37.6664767,48.4665277,0
            37.6678929,48.4675663,0
            37.6690517,48.4679647,0
            37.6688371,48.4689606,0
            37.6723132,48.4694585,0
            37.6745019,48.4665704,0
            37.6757035,48.4638955,0
            37.6758323,48.461747,0
            37.6717553,48.4615763,0
            37.671927,48.4609217,0
            37.6705752,48.4607936,0
            37.6683221,48.460068,0
            37.6673994,48.4600395,0
            37.6654897,48.4622735,0
          </coordinates>
        </LineString>
      </Placemark>
      <Placemark>
        <name>Line 18</name>
        <styleUrl>#line-0288D1-4049-nodesc</styleUrl>
        <LineString>
          <tessellate>1</tessellate>
          <coordinates>
            37.4261079,48.3376366,0
            37.4818905,48.3504178,0
            37.4958037,48.3609068,0
            37.4818905,48.3504178,0
            37.4261079,48.3376366,0
            37.4230231,48.3514467,0
            37.4188981,48.3728845,0
            37.4003587,48.3710029,0
            37.406281,48.3444257,0
            37.4098859,48.3387777,0
          </coordinates>
        </LineString>
      </Placemark>
      <Placemark>
        <name>Line 10</name>
        <styleUrl>#line-0288D1-3664-nodesc</styleUrl>
        <LineString>
          <tessellate>1</tessellate>
          <coordinates>
            36.912603,48.1748766,0
            36.933374,48.1644585,0
            37.022123,48.1688092,0
          </coordinates>
        </LineString>
      </Placemark>
      <Placemark>
        <name>Fort</name>
        <styleUrl>#line-0288D1-3856-nodesc</styleUrl>
        <LineString>
          <tessellate>1</tessellate>
          <coordinates>
            36.8187083,48.0551544,0
            36.8207468,48.0552834,0
            36.8249525,48.0532037,0
            36.8302955,48.049876,0
            36.828493,48.0476239,0
            36.8204893,48.0509088,0
            36.8181719,48.0518268,0
            36.8143524,48.0528882,0
            36.8187083,48.0551544,0
          </coordinates>
        </LineString>
      </Placemark>
      <Placemark>
        <name>Line 11</name>
        <styleUrl>#line-0288D1-4049-nodesc</styleUrl>
        <LineString>
          <tessellate>1</tessellate>
          <coordinates>
            37.6453563,48.3043871,0
            37.6491168,48.3054147,0
            37.6495298,48.3024459,0
            37.6468368,48.3018178,0
            37.6459571,48.3029312,0
            37.6435672,48.3024618,0
            37.6435672,48.3042032,0
            37.6412927,48.3042032,0
            37.6413624,48.3025439,0
            37.6435672,48.3024618,0
            37.6370226,48.3027187,0
            37.6326667,48.3030042,0
            37.6288902,48.3031612,0
            37.6235472,48.3035181,0
            37.6215945,48.3035323,0
            37.6218735,48.3048954,0
            37.6214872,48.3049382,0
            37.6207792,48.3019337,0
            37.6194917,48.302105,0
            37.6207792,48.3019337,0
            37.620586,48.3008917,0
            37.62035,48.2998354,0
            37.6205753,48.3007811,0
            37.6209937,48.3007632,0
            37.620865,48.2998086,0
            37.6209937,48.3007632,0
            37.6211868,48.3018338,0
            37.6226675,48.3017124,0
            37.6211868,48.3018338,0
            37.6215945,48.3035323,0
          </coordinates>
        </LineString>
      </Placemark>
      <Placemark>
        <name>Line 7</name>
        <styleUrl>#line-0288D1-2893-nodesc</styleUrl>
        <LineString>
          <tessellate>1</tessellate>
          <coordinates>
            36.8824466,48.2921991,0
            36.9109424,48.2853459,0
            36.9281085,48.2007479,0
            36.8942896,48.1936553,0
            36.8875095,48.1878177,0
            36.8889697,48.1815223,0
          </coordinates>
        </LineString>
      </Placemark>
      <Placemark>
        <name>Fort</name>
        <styleUrl>#line-0288D1-2893-nodesc</styleUrl>
        <LineString>
          <tessellate>1</tessellate>
          <coordinates>
            37.531833,48.4010429,0
            37.5356095,48.4002166,0
            37.5341504,48.3974813,0
            37.5358241,48.3973958,0
            37.5349443,48.3950592,0
            37.5330346,48.3953869,0
            37.5317042,48.3953442,0
            37.5330346,48.3953869,0
            37.5337213,48.3966122,0
            37.5353734,48.3962275,0
            37.5337213,48.3966122,0
            37.5341504,48.3974813,0
            37.5328629,48.3977092,0
            37.5317042,48.3953442,0
            37.5271767,48.3961705,0
            37.5293117,48.398564,0
            37.5328629,48.3977092,0
            37.5293117,48.398564,0
            37.531833,48.4010429,0
          </coordinates>
        </LineString>
      </Placemark>
      <Placemark>
        <name>Fort</name>
        <styleUrl>#line-0288D1-4241-nodesc</styleUrl>
        <LineString>
          <tessellate>1</tessellate>
          <coordinates>
            37.6372709,48.2893638,0
            37.6388587,48.2897065,0
            37.6403822,48.2891496,0
            37.6397385,48.2882216,0
            37.638966,48.2876933,0
            37.6383008,48.2869081,0
            37.6381936,48.2862655,0
            37.6390304,48.2853517,0
            37.638966,48.2844236,0
            37.6375927,48.283724,0
            37.6370134,48.2830386,0
            37.6354041,48.2833242,0
            37.6338591,48.2837668,0
            37.6330652,48.2841952,0
            37.6333012,48.2852946,0
            37.6327004,48.2869937,0
            37.6332154,48.2881788,0
            37.6348032,48.2892496,0
            37.6372709,48.2893638,0
          </coordinates>
        </LineString>
      </Placemark>
      <Placemark>
        <name>Fort</name>
        <styleUrl>#line-0288D1-4434-nodesc</styleUrl>
        <LineString>
          <tessellate>1</tessellate>
          <coordinates>
            37.7225747,48.3163938,0
            37.7232721,48.316376,0
            37.7235618,48.31598,0
            37.7240982,48.3154841,0
            37.7241304,48.315056,0
            37.723948,48.3147029,0
            37.7233418,48.3143996,0
            37.7222689,48.3141749,0
            37.7216091,48.314157,0
            37.7207186,48.3140143,0
            37.7204182,48.3145602,0
            37.721196,48.3151203,0
            37.7208205,48.316294,0
            37.7225747,48.3163938,0
          </coordinates>
        </LineString>
      </Placemark>
      <Placemark>
        <name>Fort</name>
        <styleUrl>#line-0288D1-3664-nodesc</styleUrl>
        <LineString>
          <tessellate>1</tessellate>
          <coordinates>
            37.0040435,48.0245101,0
            37.0157594,48.02573,0
            37.0167892,48.0231109,0
            37.0065755,48.0220417,0
            37.0026273,48.0215824,0
            36.995675,48.0208074,0
            36.9864482,48.0198889,0
            36.9863195,48.0220991,0
            36.9951171,48.0229315,0
            37.0031423,48.0238213,0
            36.9973917,48.0508521,0
          </coordinates>
        </LineString>
      </Placemark>
      <Placemark>
        <name>Fort</name>
        <styleUrl>#line-0288D1-3856-nodesc</styleUrl>
        <LineString>
          <tessellate>1</tessellate>
          <coordinates>
            37.5971602,49.7802614,0
            37.5946684,49.7793773,0
            37.5924784,49.7795033,0
            37.5900749,49.778596,0
            37.5909758,49.7778827,0
            37.5900749,49.778596,0
            37.587542,49.7778694,0
            37.5871346,49.7766016,0
            37.5913186,49.7760059,0
            37.5953419,49.7768164,0
            37.5933196,49.7785796,0
            37.5971338,49.779844,0
            37.5971602,49.7802614,0
          </coordinates>
        </LineString>
      </Placemark>
      <Placemark>
        <name>Line 4</name>
        <styleUrl>#line-0288D1-4626-nodesc</styleUrl>
        <LineString>
          <tessellate>1</tessellate>
          <coordinates>
            37.9271936,49.0754785,0
            37.9280949,49.0732014,0
            37.9283094,49.071149,0
            37.9283094,49.0696308,0
            37.9263783,49.0696027,0
            37.9264212,49.0689841,0
            37.9277945,49.0688154,0
            37.9282236,49.0692934,0
          </coordinates>
        </LineString>
      </Placemark>
      <Placemark>
        <name>Line 1</name>
        <styleUrl>#line-0288D1-3471-nodesc</styleUrl>
        <LineString>
          <tessellate>1</tessellate>
          <coordinates>
            37.1213311,48.0321159,0
            37.1217174,48.0304801,0
            37.1237344,48.0303653,0
            37.1229619,48.0336082,0
            37.120902,48.0332638,0
            37.1206874,48.0327759,0
            37.1139497,48.0320298,0
            37.1068257,48.0313984,0
            37.1064824,48.0328907,0
            37.1024484,48.032575,0
            37.1029204,48.031054,0
            37.087943,48.0295904,0
            37.0783729,48.0310827,0
            37.0690602,48.0318002,0
            37.0668715,48.0320872,0
            37.0667857,48.0328907,0
            37.0650262,48.0328333,0
            37.0651549,48.0320585,0
            37.0562285,48.0318002,0
            37.0512074,48.0311114,0
            37.0516366,48.0301931,0
            37.0564002,48.0311114,0
            37.0651549,48.0312836,0
            37.086398,48.0288729,0
            37.1075553,48.0306236,0
            37.1204191,48.0317789,0
            37.1213311,48.0321159,0
          </coordinates>
        </LineString>
      </Placemark>
      <Placemark>
        <name>Line 9</name>
        <styleUrl>#line-0288D1-3856-nodesc</styleUrl>
        <LineString>
          <tessellate>1</tessellate>
          <coordinates>
            37.3093064,47.9014452,0
            37.3112161,47.8999779,0
            37.3158724,47.9001361,0
            37.3172028,47.9002584,0
            37.319649,47.9018408,0
            37.3168809,47.9033656,0
            37.3146922,47.9015099,0
            37.3107548,47.9013661,0
            37.3118384,47.9026248,0
            37.3107226,47.9030851,0
            37.3093064,47.9014452,0
          </coordinates>
        </LineString>
      </Placemark>
      <Placemark>
        <name>Line 7</name>
        <styleUrl>#line-0288D1-3856-nodesc</styleUrl>
        <LineString>
          <tessellate>1</tessellate>
          <coordinates>
            37.1313931,47.9957298,0
            37.1395431,47.9952505,0
            37.1384039,47.985935,0
            37.1411321,47.9858842,0
            37.1397655,47.9768238,0
            37.1411321,47.9858842,0
            37.157263,47.985005,0
            37.1565816,47.9760022,0
            37.1397655,47.9768238,0
            37.1392561,47.9739107,0
            37.1556674,47.9723544,0
            37.1817438,47.9721011,0
            37.2721719,47.9661771,0
            37.2811172,47.9739659,0
            37.3017507,47.9680843,0
            37.2972714,47.9611483,0
            37.322042,47.9527335,0
            37.3415497,47.9788981,0
            37.3471715,47.9769733,0
            37.3496606,47.9804781,0
          </coordinates>
        </LineString>
      </Placemark>
      <Placemark>
        <name>Fort</name>
        <styleUrl>#line-0288D1-3856-nodesc</styleUrl>
        <LineString>
          <tessellate>1</tessellate>
          <coordinates>
            36.9314282,47.9820185,0
            36.9311492,47.9800364,0
            36.9296043,47.9775227,0
            36.9323079,47.9763736,0
            36.9347756,47.9757128,0
            36.9382088,47.9762299,0
            36.9360201,47.9794475,0
            36.9381659,47.9829521,0
            36.9336812,47.9819324,0
            36.9314282,47.9820185,0
          </coordinates>
        </LineString>
      </Placemark>
      <Placemark>
        <name>Fort</name>
        <styleUrl>#line-0288D1-3856-nodesc</styleUrl>
        <LineString>
          <tessellate>1</tessellate>
          <coordinates>
            37.1276152,47.9991993,0
            37.1291602,47.9998167,0
            37.130748,47.999429,0
            37.1316064,47.9999603,0
            37.1327221,47.9999746,0
            37.1330869,47.9990126,0
            37.1322286,47.998065,0
            37.1319926,47.9972322,0
            37.1311772,47.9963994,0
            37.1313489,47.9952219,0
            37.1310914,47.9941737,0
            37.1315205,47.9932116,0
            37.1308553,47.9927521,0
            37.1282375,47.9927233,0
            37.127744,47.9942168,0
            37.1279585,47.9956527,0
            37.1270359,47.9967296,0
            37.1273148,47.9971604,0
            37.1281302,47.9976055,0
            37.1274758,47.9989552,0
            37.1276152,47.9991993,0
          </coordinates>
        </LineString>
      </Placemark>
      <Placemark>
        <name>Fort</name>
        <styleUrl>#line-0288D1-3856-nodesc</styleUrl>
        <LineString>
          <tessellate>1</tessellate>
          <coordinates>
            36.6920405,47.8808489,0
            36.6905814,47.884792,0
            36.6853028,47.8854539,0
            36.6843587,47.881108,0
            36.6877705,47.8808922,0
            36.6879529,47.8851445,0
            36.6877705,47.8808922,0
            36.6920405,47.8808489,0
          </coordinates>
        </LineString>
      </Placemark>
      <Placemark>
        <name>Fort</name>
        <styleUrl>#line-0288D1-3856-nodesc</styleUrl>
        <LineString>
          <tessellate>1</tessellate>
          <coordinates>
            37.3185251,48.3238002,0
            37.3200486,48.3246277,0
            37.3217867,48.3246847,0
            37.32316,48.3210892,0
            37.3248551,48.3195768,0
            37.322881,48.3185494,0
            37.3200915,48.3181784,0
            37.319362,48.319006,0
            37.3191474,48.320704,0
            37.3185251,48.3238002,0
          </coordinates>
        </LineString>
      </Placemark>
      <Placemark>
        <name>Fort</name>
        <styleUrl>#line-0288D1-4049-nodesc</styleUrl>
        <LineString>
          <tessellate>1</tessellate>
          <coordinates>
            37.1092491,48.2526481,0
            37.1108692,48.2512872,0
            37.1118884,48.2516659,0
            37.1115987,48.2525231,0
            37.1102683,48.2529803,0
            37.1083157,48.2523374,0
            37.1101503,48.2509943,0
            37.1108692,48.2512872,0
          </coordinates>
        </LineString>
      </Placemark>
      <Placemark>
        <name>Fort</name>
        <styleUrl>#line-0288D1-3664-nodesc</styleUrl>
        <LineString>
          <tessellate>1</tessellate>
          <coordinates>
            37.2135487,47.9198008,0
            37.217497,47.9163782,0
            37.2171536,47.9114884,0
            37.2135487,47.9105679,0
            37.2090856,47.9134444,0
            37.207326,47.9152277,0
            37.2090426,47.9164933,0
            37.210888,47.9191106,0
            37.2135487,47.9198008,0
          </coordinates>
        </LineString>
      </Placemark>
      <Placemark>
        <name>Fort</name>
        <styleUrl>#line-0288D1-4241-nodesc</styleUrl>
        <LineString>
          <tessellate>1</tessellate>
          <coordinates>
            37.2964505,48.0216489,0
            37.3039016,48.0227253,0
            37.3043925,48.0215736,0
            37.3033384,48.0208811,0
            37.3003128,48.0202209,0
            37.296134,48.0194494,0
            37.2953883,48.0208488,0
            37.2964505,48.0216489,0
          </coordinates>
        </LineString>
      </Placemark>
      <Placemark>
        <name>Fort</name>
        <styleUrl>#line-0288D1-4434-nodesc</styleUrl>
        <LineString>
          <tessellate>1</tessellate>
          <coordinates>
            37.2277871,47.9326757,0
            37.2331086,47.9343146,0
            37.2395459,47.9305335,0
            37.2364346,47.9280606,0
            37.2050004,47.9308765,0
            37.2033908,47.9323964,0
            37.2036473,47.9346884,0
            37.2277871,47.9326757,0
          </coordinates>
        </LineString>
      </Placemark>
      <Placemark>
        <name>Fort</name>
        <styleUrl>#line-0288D1-3856-nodesc</styleUrl>
        <LineString>
          <tessellate>1</tessellate>
          <coordinates>
            37.2256308,47.8442234,0
            37.2246438,47.8441082,0
            37.2248154,47.8412999,0
            37.2286349,47.842164,0
            37.2296219,47.84202,0
            37.2305875,47.8414439,0
            37.2324114,47.8413287,0
            37.2332697,47.8417463,0
            37.2333556,47.8428553,0
            37.2324114,47.844353,0
            37.2297721,47.8430425,0
            37.229064,47.8431433,0
            37.2278624,47.8436762,0
            37.2262316,47.8438778,0
            37.2256308,47.8442234,0
          </coordinates>
        </LineString>
      </Placemark>
      <Placemark>
        <name>Fort</name>
        <styleUrl>#line-0288D1-3278-nodesc</styleUrl>
        <LineString>
          <tessellate>1</tessellate>
          <coordinates>
            37.3762844,48.0156918,0
            37.3770569,48.0147301,0
            37.3804472,48.0118664,0
            37.3813913,48.0117802,0
            37.3818634,48.0118735,0
            37.3832796,48.0126343,0
            37.3836873,48.0131942,0
            37.3828183,48.0136535,0
            37.3819063,48.0147013,0
            37.3806403,48.0160721,0
            37.3762844,48.0156918,0
          </coordinates>
        </LineString>
      </Placemark>
      <Placemark>
        <name>Line 13</name>
        <styleUrl>#line-0288D1-5204-nodesc</styleUrl>
        <LineString>
          <tessellate>1</tessellate>
          <coordinates>
            37.5139939,48.3225952,0
            37.5175236,48.3196916,0
            37.5196694,48.3207617,0
            37.5179957,48.3220602,0
            37.515748,48.321147,0
            37.5139939,48.3225952,0
            37.5162576,48.3235298,0
            37.5179957,48.3220602,0
          </coordinates>
        </LineString>
      </Placemark>
      <Placemark>
        <name>fort</name>
        <styleUrl>#line-0288D1-5782-nodesc</styleUrl>
        <LineString>
          <tessellate>1</tessellate>
          <coordinates>
            37.5296754,48.3188116,0
            37.5317782,48.3192397,0
            37.5322074,48.3184549,0
            37.5302762,48.3179127,0
            37.5322074,48.3184549,0
            37.5329799,48.3174275,0
            37.5312632,48.3170422,0
          </coordinates>
        </LineString>
      </Placemark>
      <Placemark>
        <name>fort</name>
        <styleUrl>#line-0288D1-4241-nodesc</styleUrl>
        <LineString>
          <tessellate>1</tessellate>
          <coordinates>
            37.3710598,48.2089465,0
            37.3728194,48.1990215,0
            37.3802008,48.198335,0
            37.3793425,48.2026829,0
            37.3722615,48.2021394,0
            37.3716606,48.2055574,0
            37.3710598,48.2089465,0
            37.3781409,48.2094327,0
            37.3784842,48.2061723,0
            37.3716606,48.2055574,0
            37.3784842,48.2061723,0
            37.3793425,48.2026829,0
          </coordinates>
        </LineString>
      </Placemark>
      <Placemark>
        <name>fort</name>
        <styleUrl>#line-0288D1-4626-nodesc</styleUrl>
        <LineString>
          <tessellate>1</tessellate>
          <coordinates>
            37.5189248,48.3097204,0
            37.5162211,48.3079079,0
            37.5204483,48.3067661,0
            37.5222936,48.3089355,0
          </coordinates>
        </LineString>
      </Placemark>
      <Placemark>
        <name>Fort</name>
        <styleUrl>#line-0288D1-3278-nodesc</styleUrl>
        <LineString>
          <tessellate>1</tessellate>
          <coordinates>
            37.4600379,48.2142334,0
            37.4605207,48.2129144,0
            37.4600271,48.2123889,0
            37.4594907,48.2119063,0
            37.4613843,48.2117508,0
            37.4605207,48.2129144,0
            37.4618054,48.2141646,0
            37.4600379,48.2142334,0
          </coordinates>
        </LineString>
      </Placemark>
      <Placemark>
        <name>fort</name>
        <styleUrl>#line-0288D1-4434-nodesc</styleUrl>
        <LineString>
          <tessellate>1</tessellate>
          <coordinates>
            37.495259,48.2043622,0
            37.4919116,48.2034255,0
            37.4916112,48.2017164,0
            37.4947333,48.1995139,0
            37.4970185,48.1995354,0
            37.4978018,48.2012874,0
            37.4980914,48.2031537,0
            37.4967611,48.2045052,0
            37.495259,48.2043622,0
          </coordinates>
        </LineString>
      </Placemark>
      <Placemark>
        <name>fort</name>
        <styleUrl>#line-0288D1-3118-nodesc</styleUrl>
        <LineString>
          <tessellate>1</tessellate>
          <coordinates>
            37.4856736,48.1942775,0
            37.4850299,48.1931475,0
            37.4883665,48.1931046,0
            37.4908878,48.1919102,0
            37.4914243,48.193169,0
            37.4883665,48.1931046,0
            37.4856736,48.1942775,0
          </coordinates>
        </LineString>
      </Placemark>
      <Placemark>
        <name>fort</name>
        <styleUrl>#line-0288D1-4626-nodesc</styleUrl>
        <LineString>
          <tessellate>1</tessellate>
          <coordinates>
            37.4834322,48.1893095,0
            37.4857818,48.1888518,0
            37.4839365,48.1862338,0
          </coordinates>
        </LineString>
      </Placemark>
      <Placemark>
        <name>fort</name>
        <styleUrl>#line-0288D1-3856-nodesc</styleUrl>
        <LineString>
          <tessellate>1</tessellate>
          <coordinates>
            37.4788552,48.1794892,0
            37.4788391,48.1780441,0
            37.4789732,48.1765703,0
            37.4791877,48.1762341,0
            37.4797242,48.1760409,0
            37.4816125,48.1756116,0
            37.4825512,48.1759264,0
            37.4828248,48.17637,0
            37.4831252,48.177901,0
            37.4826961,48.1793104,0
            37.4820309,48.1801832,0
            37.4807649,48.1802905,0
            37.4798851,48.1801546,0
            37.4791341,48.1799077,0
            37.4788552,48.1794892,0
          </coordinates>
        </LineString>
      </Placemark>
      <Placemark>
        <name>fort</name>
        <styleUrl>#line-0288D1-5011-nodesc</styleUrl>
        <LineString>
          <tessellate>1</tessellate>
          <coordinates>
            37.4813013,48.1743453,0
            37.4813979,48.1736441,0
            37.4825244,48.1726567,0
            37.4829107,48.1713545,0
            37.4836188,48.1709968,0
            37.4843698,48.1713688,0
            37.4852817,48.1722417,0
            37.486301,48.1727354,0
            37.4870949,48.1732864,0
            37.4872129,48.1739589,0
            37.4864941,48.1742737,0
            37.4813013,48.1743453,0
          </coordinates>
        </LineString>
      </Placemark>
      <Placemark>
        <name>fort</name>
        <styleUrl>#line-0288D1-5204-nodesc</styleUrl>
        <LineString>
          <tessellate>1</tessellate>
          <coordinates>
            37.4327733,48.19794,0
            37.4351337,48.1972606,0
            37.4393394,48.19681,0
            37.441292,48.1966313,0
            37.4412813,48.1953726,0
            37.4413135,48.1943785,0
            37.4366786,48.1941639,0
            37.4367001,48.1937419,0
            37.4358954,48.1940852,0
            37.4326017,48.1978184,0
          </coordinates>
        </LineString>
      </Placemark>
      <Placemark>
        <name>fort</name>
        <styleUrl>#line-0288D1-3856-nodesc</styleUrl>
        <LineString>
          <tessellate>1</tessellate>
          <coordinates>
            37.3998794,48.214568,0
            37.4013815,48.2104786,0
            37.4091062,48.2118656,0
            37.4075184,48.2156261,0
            37.3998794,48.214568,0
            37.4006304,48.2125377,0
            37.4083123,48.213753,0
          </coordinates>
        </LineString>
      </Placemark>
      <Placemark>
        <name>fort</name>
        <styleUrl>#line-0288D1-4819-nodesc</styleUrl>
        <LineString>
          <tessellate>1</tessellate>
          <coordinates>
            37.3895672,48.2342332,0
            37.3903612,48.2310602,0
            37.3936227,48.2314175,0
            37.393258,48.2330326,0
            37.3899589,48.2326431,0
            37.3895672,48.2342332,0
            37.3929146,48.2347335,0
            37.393258,48.2330326,0
          </coordinates>
        </LineString>
      </Placemark>
      <Placemark>
        <name>fort</name>
        <styleUrl>#line-0288D1-3471-nodesc</styleUrl>
        <LineString>
          <tessellate>1</tessellate>
          <coordinates>
            37.4177497,48.2409254,0
            37.418651,48.2402966,0
            37.417621,48.2395534,0
            37.4192732,48.2389818,0
            37.4180072,48.2377956,0
            37.4193161,48.2376527,0
            37.4182647,48.2361949,0
            37.4195522,48.235809,0
            37.4185651,48.2346227,0
            37.419874,48.2343226,0
            37.4187797,48.2332363,0
            37.4199813,48.2330077,0
          </coordinates>
        </LineString>
      </Placemark>
      <Placemark>
        <name>fort</name>
        <styleUrl>#line-0288D1-5589-nodesc</styleUrl>
        <LineString>
          <tessellate>1</tessellate>
          <coordinates>
            37.4215609,48.2496232,0
            37.4217541,48.2469798,0
            37.4256379,48.247037,0
            37.4255306,48.2484087,0
            37.421679,48.2483087,0
            37.4215609,48.2496232,0
            37.4254877,48.2498233,0
            37.4255092,48.2483944,0
          </coordinates>
        </LineString>
      </Placemark>
      <Placemark>
        <name>fort</name>
        <styleUrl>#line-0288D1-4626-nodesc</styleUrl>
        <LineString>
          <tessellate>1</tessellate>
          <coordinates>
            37.4201015,48.257107,0
            37.420831,48.2531353,0
            37.4260238,48.2533639,0
            37.425423,48.2554926,0
            37.4204635,48.2551239,0
            37.4201015,48.257107,0
            37.4252084,48.2573927,0
            37.425423,48.2554926,0
          </coordinates>
        </LineString>
      </Placemark>
      <Placemark>
        <name>fort</name>
        <styleUrl>#line-0288D1-5011-nodesc</styleUrl>
        <LineString>
          <tessellate>1</tessellate>
          <coordinates>
            37.4183494,48.262471,0
            37.4186284,48.2601354,0
            37.4194974,48.2591783,0
            37.4222869,48.2591926,0
            37.4220401,48.2608568,0
            37.4185479,48.2608247,0
            37.4183494,48.262471,0
            37.4215681,48.2623996,0
            37.4220401,48.2608497,0
          </coordinates>
        </LineString>
      </Placemark>
      <Placemark>
        <name>line</name>
        <styleUrl>#line-0288D1-4241-nodesc</styleUrl>
        <LineString>
          <tessellate>1</tessellate>
          <coordinates>
            37.4255654,48.2629424,0
            37.4224326,48.2792814,0
          </coordinates>
        </LineString>
      </Placemark>
      <Placemark>
        <name>line</name>
        <styleUrl>#line-0288D1-4626-nodesc</styleUrl>
        <LineString>
          <tessellate>1</tessellate>
          <coordinates>
            37.4346206,48.271998,0
            37.4306724,48.2618853,0
          </coordinates>
        </LineString>
      </Placemark>
      <Placemark>
        <name>fort</name>
        <styleUrl>#line-0288D1-5396-nodesc</styleUrl>
        <LineString>
          <tessellate>1</tessellate>
          <coordinates>
            37.4111581,48.2891359,0
            37.4102139,48.2843956,0
            37.4145913,48.2839387,0
            37.4166512,48.2879937,0
            37.4111581,48.2891359,0
            37.4106645,48.286773,0
            37.4155998,48.2859662,0
          </coordinates>
        </LineString>
      </Placemark>
      <Placemark>
        <name>Line</name>
        <styleUrl>#line-0288D1-4434-nodesc</styleUrl>
        <LineString>
          <tessellate>1</tessellate>
          <coordinates>
            37.3864993,48.30758,0
            37.3918637,48.3100063,0
            37.3958119,48.3043544,0
          </coordinates>
        </LineString>
      </Placemark>
      <Placemark>
        <name>fort</name>
        <styleUrl>#line-0288D1-4434-nodesc</styleUrl>
        <LineString>
          <tessellate>1</tessellate>
          <coordinates>
            37.4072703,48.2943972,0
            37.413021,48.2964243,0
            37.4126347,48.2970524,0
            37.4137452,48.2959211,0
            37.4130585,48.2971701,0
            37.4135547,48.2966063,0
            37.4209603,48.299108,0
            37.4205445,48.2996183,0
            37.4218963,48.3000091,0
            37.4209603,48.299108,0
            37.4222853,48.2995647,0
            37.4218963,48.3000091,0
            37.4237927,48.3001357,0
            37.4225481,48.3017059,0
            37.4239214,48.3021912,0
            37.4244793,48.3014204,0
            37.4231758,48.3009137,0
            37.4237927,48.3001357,0
            37.4250801,48.3006211,0
            37.4244793,48.3014204,0
          </coordinates>
        </LineString>
      </Placemark>
      <Placemark>
        <name>fort</name>
        <styleUrl>#line-0288D1-2893-nodesc</styleUrl>
        <LineString>
          <tessellate>1</tessellate>
          <coordinates>
            37.3973406,48.3307665,0
            37.4052157,48.3194525,0
            37.4067177,48.3203515,0
            37.4079193,48.3188104,0
            37.405516,48.3180684,0
            37.406782,48.3164203,0
            37.4087561,48.317305,0
            37.4122967,48.3188675,0
            37.4144424,48.3124746,0
            37.406782,48.3164203,0
            37.4130799,48.3165273,0
            37.4169101,48.3058097,0
            37.4183155,48.3060309,0
            37.4189056,48.3052816,0
            37.4158157,48.3042539,0
            37.4049152,48.3002573,0
          </coordinates>
        </LineString>
      </Placemark>
      <Placemark>
        <name>line</name>
        <styleUrl>#line-0288D1-4241-nodesc</styleUrl>
        <LineString>
          <tessellate>1</tessellate>
          <coordinates>
            37.4036961,48.3308564,0
            37.4066039,48.3273254,0
            37.4098115,48.3223391,0
            37.4166565,48.3185294,0
            37.4230509,48.306599,0
          </coordinates>
        </LineString>
      </Placemark>
      <Placemark>
        <name>line</name>
        <styleUrl>#line-0288D1-5589-nodesc</styleUrl>
        <LineString>
          <tessellate>1</tessellate>
          <coordinates>
            37.4279862,48.3088826,0
            37.4255829,48.3161892,0
          </coordinates>
        </LineString>
      </Placemark>
      <Placemark>
        <name>line</name>
        <styleUrl>#line-0288D1-3278-nodesc</styleUrl>
        <LineString>
          <tessellate>1</tessellate>
          <coordinates>
            37.4323635,48.3306852,0
            37.4299603,48.3268048,0
            37.4347668,48.311851,0
            37.4445515,48.3050005,0
          </coordinates>
        </LineString>
      </Placemark>
      <Placemark>
        <name>fort</name>
        <styleUrl>#line-0288D1-4819-nodesc</styleUrl>
        <LineString>
          <tessellate>1</tessellate>
          <coordinates>
            37.478389,48.3025994,0
            37.4733465,48.3001585,0
            37.4778741,48.2967326,0
            37.4830454,48.2996732,0
            37.478389,48.3025994,0
            37.4807493,48.3011292,0
            37.4784963,48.2998124,0
            37.480449,48.2981672,0
            37.4784963,48.2998124,0
            37.4757015,48.2984295,0
            37.4784963,48.2998124,0
            37.4762969,48.3015288,0
          </coordinates>
        </LineString>
      </Placemark>
      <Placemark>
        <name>fort</name>
        <styleUrl>#line-0288D1-4241-nodesc</styleUrl>
        <LineString>
          <tessellate>1</tessellate>
          <coordinates>
            37.4860184,48.296776,0
            37.4842589,48.2953485,0
            37.4889581,48.2917224,0
            37.4921767,48.2898592,0
            37.4940006,48.2916224,0
            37.4860184,48.296776,0
            37.4900309,48.294185,0
            37.4881856,48.2925647,0
            37.4879925,48.2924933,0
          </coordinates>
        </LineString>
      </Placemark>
      <Placemark>
        <name>fort</name>
        <styleUrl>#line-0288D1-4626-nodesc</styleUrl>
        <LineString>
          <tessellate>1</tessellate>
          <coordinates>
            37.4846805,48.3410862,0
            37.4836936,48.3400877,0
            37.485625,48.3402303,0
            37.4930919,48.3321854,0
            37.4845946,48.3284192,0
            37.4869764,48.3262935,0
            37.4912465,48.3281196,0
            37.4888862,48.3302596,0
            37.4930919,48.3321854,0
            37.4951518,48.3301312,0
            37.4912465,48.3281196,0
            37.4994219,48.320301,0
            37.4945724,48.3177326,0
            37.4921477,48.3203724,0
            37.4969328,48.3226838,0
            37.4914611,48.3105546,0
            37.4940006,48.2916224,0
          </coordinates>
        </LineString>
      </Placemark>
      <Placemark>
        <name>fort</name>
        <styleUrl>#line-0288D1-2893-nodesc</styleUrl>
        <LineString>
          <tessellate>1</tessellate>
          <coordinates>
            37.5217852,48.2994281,0
            37.5219139,48.2986858,0
            37.5233731,48.2989142,0
            37.5238022,48.297915,0
            37.5244459,48.2992853,0
            37.5258192,48.2988857,0
            37.5249609,48.3001989,0
            37.5270638,48.2999705,0
            37.5256905,48.3011695,0
            37.5233731,48.3014836,0
          </coordinates>
        </LineString>
      </Placemark>
      <Placemark>
        <name>Line 33</name>
        <styleUrl>#line-0288D1-4626-nodesc</styleUrl>
        <LineString>
          <tessellate>1</tessellate>
          <coordinates>
            37.3938317,48.1965087,0
            37.3833175,48.1979962,0
            37.3766227,48.1968233,0
            37.378511,48.1856943,0
            37.3757644,48.1831191,0
            37.3831029,48.1776249,0
            37.3858066,48.1776249,0
            37.3887248,48.164116,0
            37.3776097,48.1632,0
            37.3887248,48.164116,0
            37.3974366,48.1646884,0
            37.3887248,48.164116,0
            37.3900552,48.152264,0
            37.4071999,48.1532196,0
            37.4066634,48.1551557,0
            37.4090989,48.155306,0
            37.4095817,48.1534093,0
            37.4100108,48.1507752,0
            37.4076076,48.1506607,0
            37.407393,48.152579,0
            37.4071999,48.1532196,0
            37.4018181,48.1451639,0
            37.3921193,48.1380619,0
            37.3832787,48.1335367,0
            37.3746956,48.1313026,0
            37.3578728,48.1298705,0
            37.3503197,48.1334222,0
            37.3551262,48.1093002,0
            37.3359002,48.1075236,0
            37.3390759,48.092219,0
            37.3345269,48.0892951,0
            37.330407,48.0890658,0
            37.3345269,48.0892951,0
            37.334956,48.0871164,0
          </coordinates>
        </LineString>
      </Placemark>
      <Placemark>
        <name>Line 34</name>
        <styleUrl>#line-0288D1-5589-nodesc</styleUrl>
        <LineString>
          <tessellate>1</tessellate>
          <coordinates>
            37.3848075,48.1346039,0
            37.3872966,48.1235473,0
            37.3888415,48.1191928,0
            37.3909873,48.1078463,0
            37.3865241,48.0930577,0
            37.3894423,48.0934017,0
            37.3882407,48.0917392,0
            37.3912448,48.0921978,0
            37.3900431,48.0907072,0
            37.3929614,48.0912232,0
            37.3960513,48.0828523,0
            37.3979396,48.0819922,0
            37.3963946,48.080616,0
            37.3939055,48.0812468,0
            37.3960513,48.0828523,0
          </coordinates>
        </LineString>
      </Placemark>
      <Placemark>
        <name>fort</name>
        <styleUrl>#line-0288D1-4434-nodesc</styleUrl>
        <LineString>
          <tessellate>1</tessellate>
          <coordinates>
            37.4191159,48.1002386,0
            37.4212188,48.1000379,0
            37.4219912,48.1005252,0
            37.4195021,48.1025313,0
            37.4197167,48.1041648,0
            37.4180859,48.1040216,0
            37.4183434,48.1020728,0
            37.4201888,48.1008691,0
            37.4197596,48.1002959,0
            37.4191159,48.1002386,0
          </coordinates>
        </LineString>
      </Placemark>
      <Placemark>
        <name>fort</name>
        <styleUrl>#line-0288D1-4049-nodesc</styleUrl>
        <LineString>
          <tessellate>1</tessellate>
          <coordinates>
            37.4212517,48.1087929,0
            37.421359,48.1076037,0
            37.4220832,48.1076252,0
            37.4220242,48.1082162,0
            37.4213107,48.1081929,0
            37.4212517,48.1087929,0
            37.4219706,48.1088466,0
            37.4220242,48.1082162,0
          </coordinates>
        </LineString>
      </Placemark>
      <Placemark>
        <name>fort</name>
        <styleUrl>#line-0288D1-4626-nodesc</styleUrl>
        <LineString>
          <tessellate>1</tessellate>
          <coordinates>
            37.4517036,48.1190565,0
            37.4512744,48.1159479,0
            37.4579907,48.1147015,0
            37.4564887,48.116392,0
            37.457583,48.117008,0
            37.4548793,48.1194289,0
            37.4517036,48.1190565,0
          </coordinates>
        </LineString>
      </Placemark>
      <Placemark>
        <name>fort</name>
        <styleUrl>#line-0288D1-4626-nodesc</styleUrl>
        <LineString>
          <tessellate>1</tessellate>
          <coordinates>
            37.4848266,48.1161201,0
            37.4848306,48.1158166,0
            37.4841426,48.1159751,0
            37.4848266,48.1161201,0
            37.4872674,48.1150349,0
            37.4865914,48.1144117,0
            37.4872781,48.1137814,0
            37.4883939,48.1140106,0
            37.4886085,48.1144117,0
            37.4884368,48.1147842,0
            37.4872674,48.1150349,0
          </coordinates>
        </LineString>
      </Placemark>
      <Placemark>
        <name>fort</name>
        <styleUrl>#line-0288D1-3471-nodesc</styleUrl>
        <LineString>
          <tessellate>1</tessellate>
          <coordinates>
            37.4868615,48.1274327,0
            37.4850161,48.1260005,0
            37.4851663,48.1251554,0
            37.4834926,48.1239666,0
            37.4840076,48.1228064,0
            37.4856169,48.119741,0
            37.487355,48.1199272,0
            37.4888999,48.1214742,0
            37.4894149,48.1224626,0
            37.4900587,48.1234796,0
            37.4901874,48.1246398,0
            37.4899085,48.1263013,0
            37.4891574,48.1273611,0
            37.4868615,48.1274327,0
          </coordinates>
        </LineString>
      </Placemark>
      <Placemark>
        <name>fort</name>
        <styleUrl>#line-0288D1-5589-nodesc</styleUrl>
        <LineString>
          <tessellate>1</tessellate>
          <coordinates>
            37.4807323,48.138251,0
            37.4807269,48.1371699,0
            37.4819017,48.1373345,0
            37.4818588,48.1378035,0
            37.4807269,48.1377104,0
            37.4807323,48.138251,0
            37.481832,48.1383369,0
            37.4818588,48.1378035,0
          </coordinates>
        </LineString>
      </Placemark>
      <Placemark>
        <name>fort</name>
        <styleUrl>#line-0288D1-3471-nodesc</styleUrl>
        <LineString>
          <tessellate>1</tessellate>
          <coordinates>
            37.4354529,48.1614172,0
            37.4328458,48.1610236,0
            37.4334788,48.1587549,0
            37.4361289,48.1589983,0
            37.4354529,48.1614172,0
            37.4375772,48.161775,0
            37.4383926,48.1592702,0
            37.4361289,48.1589983,0
          </coordinates>
        </LineString>
      </Placemark>
      <Placemark>
        <name>fort</name>
        <styleUrl>#line-0288D1-3856-nodesc</styleUrl>
        <LineString>
          <tessellate>1</tessellate>
          <coordinates>
            37.399755,48.1850494,0
            37.403789,48.18545,0
            37.4045615,48.1821881,0
            37.4055915,48.1792693,0
            37.4001841,48.1787542,0
          </coordinates>
        </LineString>
      </Placemark>
      <Placemark>
        <name>line</name>
        <styleUrl>#line-0288D1-4819-nodesc</styleUrl>
        <LineString>
          <tessellate>1</tessellate>
          <coordinates>
            37.371847,48.2830716,0
            37.3739069,48.272904,0
            37.3707312,48.2686192,0
            37.3532218,48.2636056,0
            37.3537444,48.2614415,0
            37.3503716,48.2611023,0
            37.3537444,48.2614415,0
            37.3540528,48.259806,0
            37.3506787,48.2595917,0
            37.3498093,48.2633058,0
            37.3532218,48.2636056,0
            37.3498093,48.2633058,0
            37.343952,48.2567915,0
            37.3291033,48.2515338,0
            37.3270434,48.2423316,0
            37.3184603,48.2349572,0
          </coordinates>
        </LineString>
      </Placemark>
      <Placemark>
        <name>Line </name>
        <styleUrl>#line-0288D1-3856-nodesc</styleUrl>
        <LineString>
          <tessellate>1</tessellate>
          <coordinates>
            37.2398267,48.271623,0
            37.2233472,48.2697949,0
            37.2255788,48.2575674,0
            37.2267804,48.2535671,0
            37.2247205,48.2505953,0
          </coordinates>
        </LineString>
      </Placemark>
      <Placemark>
        <name>Line </name>
        <styleUrl>#line-0288D1-3118-nodesc</styleUrl>
        <LineString>
          <tessellate>1</tessellate>
          <coordinates>
            37.3027926,48.2363588,0
            37.2997885,48.2361873,0
            37.2851115,48.2281259,0
            37.2687178,48.2329286,0
            37.242797,48.2309275,0
            37.2353297,48.2246951,0
            37.2292357,48.2241233,0
          </coordinates>
        </LineString>
      </Placemark>
      <Placemark>
        <name>Line </name>
        <styleUrl>#line-0288D1-3471-nodesc</styleUrl>
        <LineString>
          <tessellate>1</tessellate>
          <coordinates>
            37.2720827,48.2535609,0
            37.2578348,48.2520464,0
            37.2604526,48.2408436,0
          </coordinates>
        </LineString>
      </Placemark>
      <Placemark>
        <name>Fort</name>
        <styleUrl>#line-0288D1-4241-nodesc</styleUrl>
        <LineString>
          <tessellate>1</tessellate>
          <coordinates>
            37.4074217,48.068351,0
            37.4083122,48.0680068,0
            37.4097391,48.067548,0
            37.4107154,48.0675408,0
            37.4114879,48.0679567,0
            37.4124213,48.0673831,0
            37.4122389,48.0664869,0
            37.4112733,48.0655691,0
            37.4108764,48.0653182,0
            37.4103399,48.0655978,0
            37.4100288,48.0658273,0
            37.4097284,48.0662288,0
            37.4071427,48.0661427,0
            37.4064239,48.0660567,0
            37.4060806,48.0663005,0
            37.4063273,48.0665944,0
            37.407014,48.0668023,0
            37.4070891,48.0672325,0
            37.4073251,48.0676914,0
            37.4074217,48.068351,0
          </coordinates>
        </LineString>
      </Placemark>
      <Placemark>
        <name>Fort</name>
        <styleUrl>#line-0288D1-3856-nodesc</styleUrl>
        <LineString>
          <tessellate>1</tessellate>
          <coordinates>
            37.3403133,47.9827104,0
            37.3395622,47.9815901,0
            37.3357642,47.98103,0
            37.3338116,47.9787462,0
            37.3281468,47.9801107,0
            37.3275459,47.9818199,0
            37.3276961,47.9835722,0
            37.3284901,47.9843909,0
            37.3306573,47.9865452,0
            37.3322023,47.987493,0
            37.3347772,47.9870766,0
            37.3342407,47.9863872,0
            37.3344768,47.9853531,0
            37.3347557,47.9839025,0
            37.3403133,47.9827104,0
          </coordinates>
        </LineString>
      </Placemark>
      <Placemark>
        <name>Fort</name>
        <styleUrl>#line-0288D1-4819-nodesc</styleUrl>
        <LineString>
          <tessellate>1</tessellate>
          <coordinates>
            37.3320206,47.969906,0
            37.3305401,47.9682179,0
            37.3318704,47.9661275,0
            37.334896,47.9668746,0
            37.3360332,47.9682179,0
            37.3357972,47.9694966,0
            37.3343595,47.9700497,0
            37.3320206,47.969906,0
          </coordinates>
        </LineString>
      </Placemark>
      <Placemark>
        <name>Fort</name>
        <styleUrl>#line-0288D1-3664-nodesc</styleUrl>
        <LineString>
          <tessellate>1</tessellate>
          <coordinates>
            37.4030899,48.0400883,0
            37.4042701,48.0396938,0
            37.4045276,48.0392203,0
            37.403283,48.0387971,0
            37.4038838,48.0382591,0
            37.4049567,48.0379936,0
            37.4049889,48.0371113,0
            37.4042057,48.0366163,0
            37.4029612,48.036896,0
            37.4019741,48.0376995,0
            37.4002468,48.0391629,0
            37.3992919,48.0400453,0
            37.4003862,48.0405689,0
            37.4030899,48.0400883,0
          </coordinates>
        </LineString>
      </Placemark>
      <Placemark>
        <name>Fort</name>
        <styleUrl>#line-0288D1-4049-nodesc</styleUrl>
        <LineString>
          <tessellate>1</tessellate>
          <coordinates>
            37.3368089,47.8928164,0
            37.3409288,47.8919532,0
            37.345392,47.8896222,0
            37.3435037,47.8879243,0
            37.3386757,47.8858235,0
            37.3329895,47.8866293,0
            37.3282258,47.8886438,0
            37.3368089,47.8928164,0
          </coordinates>
        </LineString>
      </Placemark>
      <Placemark>
        <name>Fort</name>
        <styleUrl>#line-0288D1-3664-nodesc</styleUrl>
        <LineString>
          <tessellate>1</tessellate>
          <coordinates>
            36.8862971,47.9111762,0
            36.8876919,47.911809,0
            36.8890652,47.9121686,0
            36.8904385,47.9125569,0
            36.8923911,47.9123268,0
            36.8932494,47.9123556,0
            36.8950304,47.9120823,0
            36.8964252,47.9116796,0
            36.8969401,47.9113488,0
            36.8963393,47.9109029,0
            36.8954167,47.9106153,0
            36.8940004,47.9099393,0
            36.8927988,47.9095653,0
            36.8926272,47.9086879,0
            36.8930134,47.9078249,0
            36.893743,47.9069907,0
            36.8933996,47.9065448,0
            36.892477,47.9065016,0
            36.8921336,47.9051351,0
            36.888636,47.9062427,0
            36.8883785,47.9071633,0
            36.8890223,47.9080551,0
            36.886619,47.9085872,0
            36.8851599,47.909105,0
            36.8852886,47.9103708,0
            36.8862971,47.9111762,0
          </coordinates>
        </LineString>
      </Placemark>
      <Placemark>
        <name>Fort</name>
        <styleUrl>#line-0288D1-3471-nodesc</styleUrl>
        <LineString>
          <tessellate>1</tessellate>
          <coordinates>
            37.1243469,48.0206,0
            37.1243469,48.0217913,0
            37.1077816,48.0216764,0
            37.1078889,48.0206,0
            37.1243469,48.0206,0
          </coordinates>
        </LineString>
      </Placemark>
      <Placemark>
        <name>Fort</name>
        <styleUrl>#line-0288D1-3278-nodesc</styleUrl>
        <LineString>
          <tessellate>1</tessellate>
          <coordinates>
            37.1014856,48.0187805,0
            37.1049832,48.0183356,0
            37.1059488,48.0154936,0
            37.1062277,48.0138573,0
            37.1044468,48.0132831,0
            37.099254,48.0132687,0
            37.0994257,48.0177471,0
            37.1014856,48.0187805,0
          </coordinates>
        </LineString>
      </Placemark>
      <Placemark>
        <name>Line 63</name>
        <styleUrl>#line-0288D1-2508-nodesc</styleUrl>
        <LineString>
          <tessellate>1</tessellate>
          <coordinates>
            36.8105431,47.8709604,0
            36.7992993,47.8686573,0
            36.7869397,47.8690028,0
            36.7867678,47.8615746,0
            36.7840642,47.864641,0
            36.7834205,47.8616035,0
            36.7795582,47.8636333,0
            36.7811032,47.8610564,0
            36.7796012,47.8607109,0
            36.7765542,47.8632447,0
            36.7778417,47.8603654,0
            36.7692155,47.8596459,0
            36.7688721,47.8611721,0
            36.7674076,47.859538,0
            36.7651706,47.8607257,0
            36.765589,47.8591276,0
            36.7622793,47.8588324,0
            36.7614585,47.860668,0
            36.7598465,47.858548,0
            36.7577196,47.8602863,0
            36.7570706,47.858177,0
            36.7451402,47.8595592,0
            36.739132,47.8621506,0
            36.730034,47.8688876,0
            36.727459,47.8742421,0
            36.7084046,47.8794808,0
          </coordinates>
        </LineString>
      </Placemark>
      <Placemark>
        <name>Fort</name>
        <styleUrl>#line-0288D1-3086-nodesc</styleUrl>
        <LineString>
          <tessellate>1</tessellate>
          <coordinates>
            37.5667933,49.7539892,0
            37.5669649,49.7534486,0
            37.570087,49.7530673,0
            37.5718358,49.7537813,0
            37.571514,49.7553131,0
            37.5697759,49.7550705,0
            37.5667933,49.7539892,0
          </coordinates>
        </LineString>
      </Placemark>
      <Placemark>
        <name>Line 71</name>
        <styleUrl>#line-0288D1-3664-nodesc</styleUrl>
        <LineString>
          <tessellate>1</tessellate>
          <coordinates>
            36.9680981,48.0240222,0
            36.9648794,48.0235917,0
            36.9618754,48.024424,0
            36.9595579,48.02385,0
            36.9560389,48.0243953,0
            36.9527828,48.0254135,0
            36.9517582,48.0272927,0
            36.9458895,48.051885,0
            36.9517582,48.0272927,0
            36.9465546,48.0270933,0
            36.9395594,48.0276099,0
            36.9328334,48.0281789,0
            36.9198402,48.0281267,0
            36.9328334,48.0281789,0
            36.9318368,48.0327652,0
            36.9310002,48.0356297,0
            36.9266549,48.0542814,0
            36.9310002,48.0356297,0
            36.9189086,48.034106,0
            36.9194723,48.0313635,0
            36.9313415,48.0325464,0
            36.9194723,48.0313635,0
            36.9198402,48.0281267,0
            36.9014975,48.0287925,0
            36.8981501,48.0299979,0
            36.8983218,48.0320642,0
            36.8973776,48.0351061,0
            36.8939444,48.0349339,0
            36.8943306,48.0323153,0
            36.8983218,48.0320642,0
            36.8981501,48.0299979,0
            36.8947169,48.0302275,0
            36.8943306,48.0323153,0
            36.8850824,48.0325807,0
            36.8861767,48.0345106,0
            36.8866273,48.0361248,0
            36.8830439,48.035967,0
            36.8820139,48.0336138,0
            36.8850824,48.0325807,0
            36.8836555,48.0294813,0
            36.8801257,48.0303423,0
            36.8820139,48.0336138,0
            36.8680235,48.0344748,0
            36.8656203,48.0314902,0
            36.8569514,48.0349913,0
            36.8584963,48.0379182,0
            36.8640753,48.035967,0
            36.8612858,48.0332408,0
            36.8640753,48.035967,0
            36.8680235,48.0344748,0
          </coordinates>
        </LineString>
      </Placemark>
      <Placemark>
        <name>Line </name>
        <styleUrl>#line-0288D1-3278-nodesc</styleUrl>
        <LineString>
          <tessellate>1</tessellate>
          <coordinates>
            37.6756908,48.3079854,0
            37.6782658,48.3082851,0
            37.6909258,48.3080996,0
            37.6908829,48.3088132,0
            37.6927711,48.3088988,0
            37.6929428,48.3084136,0
            37.6975777,48.3085848,0
            37.7095988,48.3095101,0
            37.7101245,48.3091533,0
            37.7141156,48.2926811,0
            37.7142658,48.291539,0
            37.707571,48.2930594,0
            37.7047601,48.2933093,0
            37.7058759,48.2940802,0
            37.7025714,48.3085825,0
            37.7101245,48.3091533,0
            37.7162185,48.3118364,0
            37.7142873,48.3130066,0
            37.7151885,48.3133491,0
            37.716433,48.3126355,0
            37.7199092,48.3144621,0
            37.7202525,48.3137772,0
            37.7162185,48.3118364,0
          </coordinates>
        </LineString>
      </Placemark>
      <Placemark>
        <name>Fort</name>
        <styleUrl>#line-0288D1-3086-nodesc</styleUrl>
        <LineString>
          <tessellate>1</tessellate>
          <coordinates>
            37.7149357,48.3287933,0
            37.7157511,48.3258259,0
            37.7186264,48.3259686,0
            37.7200856,48.3261683,0
            37.7206435,48.3262824,0
            37.7245058,48.3265392,0
            37.7313294,48.3270814,0
            37.7385392,48.3279374,0
            37.7378954,48.3304482,0
            37.7168669,48.3285651,0
            37.7166523,48.3289931,0
            37.7149357,48.3287933,0
          </coordinates>
        </LineString>
      </Placemark>
      <Placemark>
        <name>Line </name>
        <styleUrl>#line-0288D1-3664-nodesc</styleUrl>
        <LineString>
          <tessellate>1</tessellate>
          <coordinates>
            37.6622979,48.2749989,0
            37.6634995,48.2747562,0
            37.6646153,48.2748704,0
            37.66277,48.27994,0
            37.6602165,48.2876363,0
            37.6609032,48.2855571,0
            37.6684026,48.2864655,0
            37.6713101,48.278512,0
            37.6717608,48.2786405,0
            37.6690007,48.2865071,0
            37.6793728,48.2871897,0
            37.6809123,48.2801967,0
            37.6819155,48.2803573,0
            37.6817412,48.2809659,0
            37.681245,48.2810319,0
            37.6796302,48.2879607,0
            37.6793191,48.2878893,0
            37.6793728,48.2871897,0
            37.6684026,48.2864655,0
            37.6609032,48.2855571,0
          </coordinates>
        </LineString>
      </Placemark>
      <Placemark>
        <name>Fort</name>
        <styleUrl>#line-0288D1-3471-nodesc</styleUrl>
        <LineString>
          <tessellate>1</tessellate>
          <coordinates>
            37.6517102,48.2988868,0
            37.6513239,48.3000859,0
            37.6519355,48.3003428,0
            37.6541564,48.3012635,0
            37.6545748,48.3010922,0
            37.6547357,48.3008781,0
            37.6537701,48.3004784,0
            37.653062,48.2998646,0
            37.652429,48.299208,0
            37.6518067,48.2989368,0
          </coordinates>
        </LineString>
      </Placemark>
      <Placemark>
        <name>Line 80</name>
        <styleUrl>#line-0288D1-4049-nodesc</styleUrl>
        <LineString>
          <tessellate>1</tessellate>
          <coordinates>
            37.5304123,48.3911726,0
            37.5289317,48.3841759,0
            37.5347252,48.3847032,0
            37.5350471,48.387995,0
            37.5298329,48.38828,0
            37.5350471,48.387995,0
            37.5352617,48.3909303,0
            37.5304123,48.3911726,0
          </coordinates>
        </LineString>
      </Placemark>
      <Placemark>
        <name>Line 83</name>
        <styleUrl>#line-0288D1-3278-nodesc</styleUrl>
        <LineString>
          <tessellate>1</tessellate>
          <coordinates>
            36.9287392,48.1780818,0
            36.9325157,48.1613669,0
            36.9369789,48.1396065,0
            36.9362923,48.1123358,0
            36.9555183,48.112565,0
            36.9671913,48.106834,0
            36.967878,48.0974338,0
            36.9591437,48.0950474,0
            36.9652042,48.0854752,0
            36.9692382,48.082895,0
            36.9644317,48.080458,0
            36.9621143,48.0776482,0
            36.9640025,48.0697339,0
            36.9428023,48.0696766,0
            36.9369659,48.0942184,0
            36.9189414,48.0949063,0
            36.9175681,48.1040776,0
            36.922718,48.1104966,0
            36.9362923,48.1123358,0
          </coordinates>
        </LineString>
      </Placemark>
      <Placemark>
        <name>Fort</name>
        <styleUrl>#line-0288D1-3856-nodesc</styleUrl>
        <LineString>
          <tessellate>1</tessellate>
          <coordinates>
            36.8075193,48.1068352,0
            36.8083347,48.1031241,0
            36.8187417,48.1043277,0
            36.817819,48.1076376,0
            36.8075193,48.1068352,0
          </coordinates>
        </LineString>
      </Placemark>
      <Placemark>
        <name>Line 89</name>
        <styleUrl>#line-0288D1-3664-nodesc</styleUrl>
        <LineString>
          <tessellate>1</tessellate>
          <coordinates>
            37.3030902,48.3826642,0
            37.2924865,48.3797573,0
            37.2937102,48.3519592,0
            37.2965533,48.3462739,0
            37.298833,48.3394379,0
            37.2942465,48.3346557,0
            37.2953655,48.3288234,0
            37.3021461,48.3046792,0
            37.2915889,48.3034231,0
            37.2820617,48.2972567,0
            37.2835636,48.2927739,0
            37.2732213,48.2912604,0
            37.2738434,48.2840218,0
            37.2732213,48.2912604,0
            37.2835636,48.2927739,0
            37.285195,48.2880911,0
            37.28498,48.2843504,0
          </coordinates>
        </LineString>
      </Placemark>
      <Placemark>
        <name>Fort</name>
        <styleUrl>#line-0288D1-3278-nodesc</styleUrl>
        <LineString>
          <tessellate>1</tessellate>
          <coordinates>
            37.5590649,48.4202315,0
            37.5602236,48.4179814,0
            37.565588,48.4193201,0
            37.5643864,48.4215416,0
            37.5590649,48.4202315,0
          </coordinates>
        </LineString>
      </Placemark>
      <Placemark>
        <name>Fort</name>
        <styleUrl>#line-0288D1-3664-nodesc</styleUrl>
        <LineString>
          <tessellate>1</tessellate>
          <coordinates>
            37.5738886,48.428108,0
            37.5770214,48.4297027,0
            37.5761631,48.4270828,0
            37.5738886,48.428108,0
          </coordinates>
        </LineString>
      </Placemark>
      <Placemark>
        <name>Fort</name>
        <styleUrl>#line-0288D1-3856-nodesc</styleUrl>
        <LineString>
          <tessellate>1</tessellate>
          <coordinates>
            37.5857859,48.4296962,0
            37.5870734,48.4280161,0
            37.5919228,48.4296677,0
            37.590292,48.4311769,0
            37.5857859,48.4296962,0
          </coordinates>
        </LineString>
      </Placemark>
      <Placemark>
        <name>Fort</name>
        <styleUrl>#line-0288D1-3471-nodesc</styleUrl>
        <LineString>
          <tessellate>1</tessellate>
          <coordinates>
            37.5999065,48.4330028,0
            37.6009365,48.430383,0
            37.6071379,48.4318922,0
            37.6132642,48.4335651,0
            37.6138784,48.4318869,0
            37.6248775,48.4330226,0
            37.6266921,48.427153,0
            37.6150439,48.4264629,0
            37.612261,48.4385229,0
            37.6131031,48.4349958,0
            37.6064298,48.4332733,0
            37.5999065,48.4330028,0
          </coordinates>
        </LineString>
      </Placemark>
      <Placemark>
        <name>Line 97</name>
        <styleUrl>#line-0288D1-3086-nodesc</styleUrl>
        <LineString>
          <tessellate>1</tessellate>
          <coordinates>
            37.562012,48.4100686,0
            37.5865596,48.4183861,0
            37.6282733,48.4177025,0
            37.6471561,48.4178164,0
            37.6583141,48.4109801,0
            37.6763385,48.4053965,0
            37.6825183,48.4174746,0
            37.7240604,48.4221456,0
            37.7510112,48.4243101,0
          </coordinates>
        </LineString>
      </Placemark>
      <Placemark>
        <name>Fort</name>
        <styleUrl>#line-0288D1-3856-nodesc</styleUrl>
        <LineString>
          <tessellate>1</tessellate>
          <coordinates>
            37.3076609,48.431776,0
            37.313669,48.4315767,0
            37.3132184,48.4261804,0
            37.3099354,48.4258244,0
            37.3095491,48.4264794,0
            37.3062447,48.426935,0
            37.3056438,48.4292417,0
            37.3065451,48.4311922,0
            37.3076609,48.431776,0
          </coordinates>
        </LineString>
      </Placemark>
      <Placemark>
        <name>Fort</name>
        <styleUrl>#line-0288D1-4049-nodesc</styleUrl>
        <LineString>
          <tessellate>1</tessellate>
          <coordinates>
            37.6572203,48.4351925,0
            37.6572525,48.4323949,0
            37.6625418,48.4318397,0
            37.6634215,48.4321956,0
            37.6627242,48.4360467,0
            37.65751,48.435826,0
            37.657231,48.4352423,0
          </coordinates>
        </LineString>
      </Placemark>
      <Placemark>
        <name>Fort</name>
        <styleUrl>#line-0288D1-3664-nodesc</styleUrl>
        <LineString>
          <tessellate>1</tessellate>
          <coordinates>
            37.626534,48.4297385,0
            37.6267485,48.4268482,0
            37.6460605,48.4281439,0
            37.6455026,48.4306498,0
            37.626534,48.4297385,0
          </coordinates>
        </LineString>
      </Placemark>
      <Placemark>
        <name>Line 103</name>
        <styleUrl>#line-0288D1-3471-nodesc</styleUrl>
        <LineString>
          <tessellate>1</tessellate>
          <coordinates>
            37.5126829,48.4680579,0
            37.5504484,48.4690822,0
            37.5830641,48.4632773,0
          </coordinates>
        </LineString>
      </Placemark>
      <Placemark>
        <name>Line 104</name>
        <styleUrl>#line-0288D1-4049-nodesc</styleUrl>
        <LineString>
          <tessellate>1</tessellate>
          <coordinates>
            37.5658979,48.4913852,0
            37.5775709,48.4869481,0
            37.5902738,48.4883134,0
            37.5902738,48.4868344,0
          </coordinates>
        </LineString>
      </Placemark>
      <Placemark>
        <name>Fort</name>
        <styleUrl>#line-0288D1-3278-nodesc</styleUrl>
        <LineString>
          <tessellate>1</tessellate>
          <coordinates>
            37.2720472,48.3620889,0
            37.2796433,48.362146,0
            37.2792999,48.3713836,0
            37.2817032,48.3713551,0
            37.2816603,48.3700437,0
            37.2820465,48.3612905,0
            37.2860806,48.3618323,0
            37.2857802,48.3647977,0
            37.2900288,48.3651113,0
            37.2907154,48.3591804,0
            37.2873251,48.3588383,0
            37.2869389,48.3604351,0
            37.2780125,48.3595226,0
            37.2718756,48.3587812,0
            37.2720472,48.3620889,0
          </coordinates>
        </LineString>
      </Placemark>
      <Placemark>
        <name>Line 106</name>
        <styleUrl>#line-0288D1-3664-nodesc</styleUrl>
        <LineString>
          <tessellate>1</tessellate>
          <coordinates>
            37.2022737,48.3697232,0
            37.230512,48.413552,0
            37.2281087,48.4244891,0
            37.229997,48.4244891,0
            37.2325719,48.4134381,0
            37.2042478,48.3687538,0
            37.2057927,48.3684117,0
            37.2349752,48.4132102,0
            37.2311986,48.4268813,0
            37.2384084,48.4267674,0
            37.2420133,48.4316653,0
            37.2449315,48.4376162,0
            37.2470773,48.4380148,0
            37.2503389,48.4423422,0
            37.2616685,48.4423422,0
            37.2620118,48.4401786,0
            37.2661317,48.4399508,0
            37.2673333,48.4375592,0
            37.2738565,48.4379009,0
            37.2821821,48.4328897,0
            37.2951425,48.433687,0
            37.2941984,48.4386981,0
            37.3099912,48.4401786,0
          </coordinates>
        </LineString>
      </Placemark>
      <Placemark>
        <name>Line 107</name>
        <styleUrl>#line-0288D1-3278-nodesc</styleUrl>
        <LineString>
          <tessellate>1</tessellate>
          <coordinates>
            37.2193544,48.3308672,0
            37.2419279,48.3333779,0
            37.2679775,48.3361309,0
            37.2650163,48.3471845,0
            37.2687929,48.333064,0
            37.2745006,48.3330355,0
            37.2823971,48.3293264,0
          </coordinates>
        </LineString>
      </Placemark>
      <Placemark>
        <name>Line 108</name>
        <styleUrl>#line-0288D1-3664-nodesc</styleUrl>
        <LineString>
          <tessellate>1</tessellate>
          <coordinates>
            37.2151357,48.3076054,0
            37.212003,48.3096748,0
            37.2085268,48.3096891,0
            37.2084409,48.310631,0
            37.2123033,48.310631,0
            37.2169381,48.3092609,0
            37.2177106,48.308005,0
            37.2151357,48.3076054,0
            37.2189981,48.3065777,0
            37.2237187,48.3017249,0
            37.2273236,48.2911041,0
            37.2356492,48.292132,0
            37.2389536,48.2773109,0
            37.2356492,48.292132,0
            37.2422582,48.2952727,0
            37.2434598,48.297671,0
            37.2559911,48.292703,0
            37.2583085,48.2809951,0
            37.2499829,48.2716839,0
            37.2398267,48.271623,0
          </coordinates>
        </LineString>
      </Placemark>
      <Placemark>
        <name>Fort</name>
        <styleUrl>#line-0288D1-4049-nodesc</styleUrl>
        <LineString>
          <tessellate>1</tessellate>
          <coordinates>
            36.7701399,47.9778324,0
            36.7723715,47.9757639,0
            36.7752468,47.9768556,0
            36.7728006,47.9785219,0
            36.7701399,47.9778324,0
          </coordinates>
        </LineString>
      </Placemark>
      <Placemark>
        <name>Fort</name>
        <styleUrl>#line-0288D1-3278-nodesc</styleUrl>
        <LineString>
          <tessellate>1</tessellate>
          <coordinates>
            36.741094,48.0186105,0
            36.7404074,48.0149935,0
            36.7469949,48.0147208,0
            36.7473168,48.0182948,0
            36.741094,48.0186105,0
          </coordinates>
        </LineString>
      </Placemark>
      <Placemark>
        <name>Fort</name>
        <styleUrl>#line-0288D1-3278-nodesc</styleUrl>
        <LineString>
          <tessellate>1</tessellate>
          <coordinates>
            36.7587171,48.0268745,0
            36.7584596,48.0249085,0
            36.7614208,48.0247649,0
            36.7615495,48.0268028,0
            36.7587171,48.0268745,0
          </coordinates>
        </LineString>
      </Placemark>
      <Placemark>
        <name>Fort</name>
        <styleUrl>#line-0288D1-4049-nodesc</styleUrl>
        <LineString>
          <tessellate>1</tessellate>
          <coordinates>
            37.8072395,48.4323156,0
            37.8087952,48.4323797,0
            37.809675,48.4335827,0
            37.8085913,48.4340312,0
            37.8055873,48.4344654,0
            37.8038492,48.435405,0
            37.8003623,48.4342661,0
            37.8002014,48.4336397,0
            37.8020253,48.4335542,0
            37.8039672,48.4347786,0
            37.8052869,48.4340098,0
            37.806349,48.4331698,0
            37.8072395,48.4323156,0
          </coordinates>
        </LineString>
      </Placemark>
      <Placemark>
        <name>Fort</name>
        <styleUrl>#line-0288D1-2701-nodesc</styleUrl>
        <LineString>
          <tessellate>1</tessellate>
          <coordinates>
            37.8092673,48.4364941,0
            37.8112843,48.4355829,0
            37.8129365,48.4354833,0
            37.812561,48.4362948,0
            37.8121533,48.436551,0
            37.8117778,48.4364798,0
            37.8113701,48.4406081,0
            37.8110697,48.440601,0
            37.8113808,48.4367218,0
            37.8095731,48.4373243,0
            37.8088971,48.4372745,0
            37.8087845,48.4367076,0
            37.8092673,48.4364941,0
          </coordinates>
        </LineString>
      </Placemark>
    </Folder>
    <Folder>
      <name>Former Ukrainian Incursions</name>
      <Placemark>
        <name>Kursk</name>
        <styleUrl>#poly-F57C00-3860-143-nodesc</styleUrl>
        <Polygon>
          <outerBoundaryIs>
            <LinearRing>
              <tessellate>1</tessellate>
              <coordinates>
                35.31926,51.1133855,0
                35.3032454,51.1195909,0
                35.302722,51.1319312,0
                35.3583106,51.1325698,0
                35.3659514,51.1415097,0
                35.3651361,51.1478107,0
                35.3729018,51.147756,0
                35.3730548,51.1747024,0
                35.3615448,51.1830265,0
                35.3690097,51.1979199,0
                35.3623987,51.2130284,0
                35.3749617,51.2199565,0
                35.3824588,51.2332406,0
                35.3786822,51.2534435,0
                35.3345652,51.2591374,0
                35.3326237,51.2832155,0
                35.3386319,51.2893352,0
                35.3445542,51.2927167,0
                35.3464742,51.2991324,0
                35.3416393,51.3099158,0
                35.3503985,51.3288628,0
                35.2517267,51.3421059,0
                35.259082,51.3775754,0
                35.2401762,51.3814381,0
                35.2143164,51.3810109,0
                35.2055571,51.3568963,0
                35.1865073,51.3507873,0
                35.1732884,51.353522,0
                35.1501151,51.3502512,0
                35.1136085,51.342121,0
                35.0721522,51.3445873,0
                35.0718089,51.3569166,0
                35.0577327,51.3735291,0
                35.0603076,51.3830651,0
                35.0318141,51.3885886,0
                34.9955703,51.3883046,0
                34.9880382,51.3839223,0
                34.98203,51.3704214,0
                35.0317331,51.3229442,0
                34.9958774,51.3235476,0
                34.8982127,51.3280591,0
                34.8734935,51.3250556,0
                34.8745234,51.3134688,0
                34.8721202,51.2950098,0
                34.8631938,51.2735364,0
                34.8662837,51.2557059,0
                34.855984,51.2322794,0
                34.8621316,51.1990468,0
                34.8633015,51.1985157,0
                34.8640419,51.1980249,0
                34.8724206,51.1918864,0
                34.8765834,51.1911871,0
                34.878772,51.1936615,0
                34.8803706,51.1948955,0
                34.8819209,51.1950552,0
                34.8829965,51.1952293,0
                34.8833412,51.1957734,0
                34.8844155,51.195968,0
                34.8863334,51.195426,0
                34.8882083,51.1954218,0
                34.8897788,51.1950567,0
                34.8905338,51.1946377,0
                34.8940569,51.1941515,0
                34.8944042,51.193961,0
                34.8982127,51.1930832,0
                34.9037059,51.1987308,0
                34.9037059,51.2026031,0
                34.9098857,51.2060448,0
                34.9230027,51.2053844,0
                34.9305938,51.2059121,0
                34.9363731,51.2084063,0
                34.9387198,51.2117608,0
                34.9399806,51.2176092,0
                34.9431893,51.2185531,0
                34.9496076,51.2187202,0
                34.9524886,51.2201295,0
                34.949534,51.2257322,0
                34.9510424,51.2274646,0
                34.9562497,51.2282304,0
                34.9641447,51.2309093,0
                34.9766219,51.2339447,0
                34.9800575,51.2349232,0
                34.9828899,51.2333916,0
                34.9820745,51.2321824,0
                34.9824607,51.2318062,0
                34.9835336,51.2315374,0
                34.9847352,51.2314299,0
                34.9869668,51.2308925,0
                34.9885976,51.23014,0
                34.991945,51.2290651,0
                34.9924171,51.2292263,0
                34.9934041,51.2287426,0
                34.9946058,51.2288501,0
                34.9951207,51.2285814,0
                34.9954211,51.228877,0
                34.9976527,51.2292532,0
                34.9982106,51.2291726,0
                34.9986827,51.2296832,0
                34.9999273,51.2291995,0
                35.0009572,51.2297638,0
                35.0020301,51.2298176,0
                35.0025022,51.2304088,0
                35.0028455,51.2304625,0
                35.0033176,51.231,0
                35.0057637,51.2320211,0
                35.0098407,51.2316449,0
                35.0108278,51.2313224,0
                35.0111552,51.2314133,0
                35.0138278,51.2276125,0
                35.0206943,51.2239036,0
                35.0232692,51.2205708,0
                35.0263591,51.2198182,0
                35.0310684,51.2192652,0
                35.0328017,51.219556,0
                35.0379945,51.2178357,0
                35.0386382,51.2043397,0
                35.0427581,51.2053884,0
                35.0437881,51.2058723,0
                35.044346,51.2065445,0
                35.0452472,51.2071629,0
                35.0461055,51.2075124,0
                35.0473929,51.207862,0
                35.047865,51.2085341,0
                35.0510837,51.2090181,0
                35.051427,51.2093138,0
                35.0520278,51.209502,0
                35.052457,51.2101472,0
                35.0536586,51.2105236,0
                35.0551177,51.2108463,0
                35.0567485,51.2130507,0
                35.0589372,51.213911,0
                35.0626708,51.2160616,0
                35.0627137,51.2172175,0
                35.0636149,51.2182389,0
                35.0623533,51.2199372,0
                35.0614091,51.2217919,0
                35.0618352,51.2224908,0
                35.0617463,51.2232703,0
                35.0651121,51.2259983,0
                35.0657223,51.2274966,0
                35.0690793,51.2301774,0
                35.0748194,51.2320587,0
                35.0849267,51.2303383,0
                35.1051244,51.2327753,0
                35.1138791,51.2310285,0
                35.1176128,51.2296043,0
                35.1195973,51.2315367,0
                35.120466,51.2312655,0
                35.1504141,51.2233858,0
                35.1503068,51.2211349,0
                35.1495329,51.2210013,0
                35.1490917,51.2208745,0
                35.1488754,51.2207966,0
                35.1485197,51.2207019,0
                35.1479092,51.2206022,0
                35.1473254,51.2205158,0
                35.1461679,51.2202774,0
                35.1454472,51.2201399,0
                35.1452964,51.2200664,0
                35.144726,51.2195212,0
                35.1445091,51.2193795,0
                35.1418725,51.218496,0
                35.1414333,51.2184128,0
                35.1406937,51.2183196,0
                35.1402877,51.2181896,0
                35.1400534,51.2180596,0
                35.1397734,51.2178473,0
                35.1396952,51.2176555,0
                35.1395525,51.2175242,0
                35.139055,51.2173335,0
                35.1388969,51.2172077,0
                35.1385886,51.2167055,0
                35.138334,51.2159278,0
                35.1376853,51.2155618,0
                35.1375118,51.2152512,0
                35.1378978,51.2150064,0
                35.1380049,51.214896,0
                35.138144,51.2146081,0
                35.1381544,51.214468,0
                35.1380226,51.2141135,0
                35.1376733,51.2136061,0
                35.1378068,51.2132533,0
                35.1377472,51.2125107,0
                35.13738,51.2120405,0
                35.1372035,51.2113419,0
                35.136748,51.2104283,0
                35.1368075,51.2100792,0
                35.1371245,51.2092838,0
                35.1373556,51.2090799,0
                35.1392378,51.2077612,0
                35.1395204,51.2077308,0
                35.1398605,51.2077305,0
                35.1399323,51.2076866,0
                35.1402508,51.2076224,0
                35.1405071,51.2074605,0
                35.1406239,51.2073121,0
                35.1407691,51.2072224,0
                35.1416175,51.207023,0
                35.1428655,51.2060433,0
                35.1433303,51.2050906,0
                35.1433694,51.2048991,0
                35.1432867,51.2047381,0
                35.1432391,51.2044698,0
                35.1433587,51.2041415,0
                35.1432146,51.2035275,0
                35.1433342,51.2031332,0
                35.1433167,51.2030902,0
                35.143267,51.2030438,0
                35.1431461,51.202988,0
                35.1430224,51.2029772,0
                35.1425872,51.2028482,0
                35.1425102,51.2027877,0
                35.1424386,51.2026835,0
                35.1422095,51.2025155,0
                35.1420912,51.2024838,0
                35.1417759,51.2024287,0
                35.1415823,51.202079,0
                35.1414906,51.2019982,0
                35.1408727,51.2016249,0
                35.1407473,51.2015269,0
                35.1406093,51.2014519,0
                35.1403788,51.2014079,0
                35.1401885,51.2013085,0
                35.1399934,51.2011215,0
                35.1394443,51.2007664,0
                35.1390004,51.2005637,0
                35.1388263,51.2005045,0
                35.1386454,51.2003353,0
                35.1385101,51.2002753,0
                35.1382694,51.1999547,0
                35.1379858,51.1996878,0
                35.1376164,51.1994277,0
                35.1373338,51.199139,0
                35.1370404,51.1987697,0
                35.136408,51.1981723,0
                35.1362719,51.1981059,0
                35.1358594,51.1979355,0
                35.1355695,51.1977508,0
                35.1350477,51.1972207,0
                35.1344938,51.1967208,0
                35.1341476,51.196484,0
                35.1340536,51.1963347,0
                35.1340562,51.1962627,0
                35.1338307,51.1960428,0
                35.1337409,51.195903,0
                35.1333508,51.1957463,0
                35.1328096,51.1955797,0
                35.1322209,51.1952062,0
                35.1303357,51.1944053,0
                35.1301484,51.1934734,0
                35.1302133,51.1932879,0
                35.130871,51.1740541,0
                35.1343053,51.1709859,0
                35.1230784,51.1653669,0
                35.1253679,51.1605944,0
                35.1274048,51.1584817,0
                35.129432,51.1572083,0
                35.1317494,51.1563201,0
                35.1326935,51.1554049,0
                35.1341956,51.1550281,0
                35.1375859,51.1536822,0
                35.1393025,51.1525247,0
                35.1405899,51.1513941,0
                35.1407187,51.1509365,0
                35.1399462,51.1503712,0
                35.1375,51.1495905,0
                35.1358693,51.1488906,0
                35.1353972,51.1479753,0
                35.1361697,51.1469792,0
                35.1364272,51.1452292,0
                35.1360838,51.1447446,0
                35.136513,51.1444215,0
                35.1377575,51.1444754,0
                35.1383584,51.1439369,0
                35.1380579,51.1434523,0
                35.1387446,51.1427792,0
                35.1405041,51.142483,0
                35.1415341,51.1413252,0
                35.1429074,51.1408675,0
                35.1434224,51.1398982,0
                35.143079,51.1391712,0
                35.1437657,51.1387134,0
                35.1440661,51.137017,0
                35.1424782,51.1358591,0
                35.1419203,51.1352667,0
                35.1420062,51.1345665,0
                35.1416199,51.1339202,0
                35.153722,51.1313888,0
                35.1639359,51.1273759,0
                35.168338,51.1261744,0
                35.1745125,51.1215348,0
                35.1680537,51.1194875,0
                35.163755,51.1117048,0
                35.1631475,51.1088255,0
                35.1643141,51.1071195,0
                35.1670256,51.1057099,0
                35.1643433,51.1051655,0
                35.164633,51.1008646,0
                35.1684415,51.1004442,0
                35.1692782,51.1017593,0
                35.1695678,51.1027671,0
                35.1700291,51.1033437,0
                35.1730756,51.1004224,0
                35.1769801,51.0987138,0
                35.1735736,51.0872943,0
                35.1556455,51.0907772,0
                35.1477799,51.082615,0
                35.1495333,51.0826034,0
                35.1503579,51.082668,0
                35.151988,51.0820127,0
                35.1525773,51.0818428,0
                35.1532838,51.0814085,0
                35.1539474,51.0808664,0
                35.1543212,51.0801692,0
                35.1578599,51.0819454,0
                35.1593505,51.0807138,0
                35.163695,51.0833171,0
                35.165659,51.0812117,0
                35.1662497,51.080697,0
                35.1660972,51.0774743,0
                35.1665231,51.0768712,0
                35.1666592,51.0767466,0
                35.1675156,51.0759977,0
                35.1679105,51.0757476,0
                35.1707564,51.074801,0
                35.1710889,51.07458,0
                35.1714429,51.0740624,0
                35.1721831,51.0727594,0
                35.1734544,51.0718113,0
                35.1742188,51.0714316,0
                35.1766997,51.0707013,0
                35.1772306,51.0702453,0
                35.1773753,51.0699781,0
                35.1780028,51.0681737,0
                35.1782199,51.0677771,0
                35.17848,51.0675019,0
                35.1814728,51.0652415,0
                35.1829205,51.0629001,0
                35.1824865,51.0621151,0
                35.1887028,51.0569608,0
                35.1904555,51.0563918,0
                35.1902702,51.0536824,0
                35.1969017,51.0511909,0
                35.1963193,51.0504391,0
                35.1972779,51.0498204,0
                35.2003197,51.052656,0
                35.2038062,51.051175,0
                35.2053256,51.0482363,0
                35.2084145,51.0480538,0
                35.2087577,51.0478843,0
                35.2095406,51.046837,0
                35.2115909,51.046476,0
                35.2134375,51.0464666,0
                35.2211845,51.0507172,0
                35.2214288,51.0503532,0
                35.2217589,51.0503399,0
                35.2220328,51.0504886,0
                35.2222408,51.0508951,0
                35.2223415,51.0513689,0
                35.2222812,51.0518428,0
                35.2224784,51.0522762,0
                35.2227095,51.0524182,0
                35.2233647,51.0524223,0
                35.2244491,51.0523589,0
                35.2254155,51.0524303,0
                35.226006,51.0524189,0
                35.2263764,51.0525682,0
                35.2264435,51.0526969,0
                35.2264556,51.0528556,0
                35.226339,51.0530009,0
                35.2257446,51.0533974,0
                35.2256304,51.0534562,0
                35.2257307,51.0536498,0
                35.2265107,51.0544417,0
                35.2423831,51.0602941,0
                35.243853,51.0636116,0
                35.2482625,51.0645622,0
                35.2536057,51.0616023,0
                35.2559446,51.0621079,0
                35.2575647,51.0613931,0
                35.2575537,51.0587567,0
                35.2612456,51.0613859,0
                35.2658018,51.0630689,0
                35.2660665,51.0618661,0
                35.2647163,51.0596988,0
                35.266692,51.057916,0
                35.2733901,51.0580657,0
                35.2727265,51.0589812,0
                35.2726851,51.0593842,0
                35.2727633,51.0595158,0
                35.2733703,51.0595768,0
                35.2752564,51.0588082,0
                35.2757216,51.0588356,0
                35.2757904,51.0591329,0
                35.2756338,51.0597808,0
                35.2756533,51.0607395,0
                35.2762502,51.0623401,0
                35.2745984,51.0633984,0
                35.2738478,51.064241,0
                35.273891,51.0657443,0
                35.274095,51.0659785,0
                35.2749856,51.0663746,0
                35.2753506,51.0664115,0
                35.2757383,51.0662219,0
                35.2760832,51.0658434,0
                35.276943,51.0640355,0
                35.277295,51.0641144,0
                35.2800932,51.0669982,0
                35.2810762,51.067655,0
                35.2815242,51.0677138,0
                35.282101,51.0674491,0
                35.2824605,51.0670275,0
                35.2830079,51.0670202,0
                35.284242,51.0675118,0
                35.2849307,51.067556,0
                35.2858217,51.0672906,0
                35.2862406,51.0673219,0
                35.2866493,51.0674384,0
                35.2880268,51.0686324,0
                35.2882925,51.0693216,0
                35.2941268,51.0693905,0
                35.2961755,51.0698257,0
                35.2982244,51.0707597,0
                35.2983743,51.0724622,0
                35.3011619,51.0720103,0
                35.301215,51.0737309,0
                35.3036715,51.0740494,0
                35.304771,51.0750984,0
                35.3050123,51.0763632,0
                35.3037086,51.0773044,0
                35.3041215,51.078677,0
                35.3117578,51.078636,0
                35.3126107,51.0773676,0
                35.3280288,51.0770774,0
                35.3438385,51.1066321,0
                35.31926,51.1133855,0
              </coordinates>
            </LinearRing>
          </outerBoundaryIs>
        </Polygon>
      </Placemark>
      <Placemark>
        <name>Belgorod</name>
        <styleUrl>#poly-F57C00-3661-112-nodesc</styleUrl>
        <Polygon>
          <outerBoundaryIs>
            <LinearRing>
              <tessellate>1</tessellate>
              <coordinates>
                35.3324372,50.9355341,0
                35.3333598,50.9347228,0
                35.337823,50.9344389,0
                35.3392821,50.9344524,0
                35.341621,50.9349595,0
                35.3440029,50.9356288,0
                35.3439962,50.9350617,0
                35.3446581,50.933791,0
                35.3454916,50.9327908,0
                35.3484495,50.9328588,0
                35.3478255,50.9326494,0
                35.3474921,50.9325718,0
                35.3476307,50.9319802,0
                35.3480532,50.9318188,0
                35.3505502,50.9317461,0
                35.3514256,50.9319618,0
                35.353331,50.9322181,0
                35.3540347,50.9321228,0
                35.3545239,50.9319058,0
                35.3548712,50.9310377,0
                35.3642482,50.9325929,0
                35.3724557,50.9324644,0
                35.3767473,50.9343577,0
                35.3830987,50.9389011,0
                35.3852445,50.94074,0
                35.3834421,50.9431196,0
                35.3770048,50.9455532,0
                35.3711683,50.9442012,0
                35.3713399,50.942687,0
                35.3662759,50.9420921,0
                35.363186,50.9409023,0
                35.3593236,50.9401451,0
                35.3554612,50.9385766,0
                35.3512555,50.9379816,0
                35.3461057,50.9380898,0
                35.3454686,50.9399852,0
                35.3495273,50.9404463,0
                35.3483382,50.9421372,0
                35.3371006,50.9437128,0
                35.3382188,50.9510978,0
                35.3415691,50.9529674,0
                35.3375461,50.9532448,0
                35.3322459,50.9528801,0
                35.3299708,50.9518801,0
                35.3296271,50.9475543,0
                35.3255922,50.9465807,0
                35.3324372,50.9355341,0
              </coordinates>
            </LinearRing>
          </outerBoundaryIs>
        </Polygon>
      </Placemark>
    </Folder>
    <Folder>
      <name>Russian Incursion</name>
    </Folder>
    <Folder>
      <name>Untitled layer</name>
    </Folder>
  </Document>
</kml>
